child_batch_drama,child_canon,outcome,step
,75a756dc8a4de29833699841c9a5a378e077698ba273840e48fcd97af09828bb,invalid_draw_majority,1
0.06546544919952663,02babd35d2aec753260bc95e0c29fb594e009fb9c2151bf8364ebf39fd0ddc80,lost_first_batch,2
0.14663559067272944,68ee5adf857a7d44221dd515078893f4dbb0d537fb32f6907444f53121149694,lost_after_matching,3
0.03209722984920812,24f10719795da858350e6bd1c8184d085d27a6e12bf9832050d2868eaecc8c2e,lost_first_batch,4
,af9183fe823103198ef93a8fcd0f5746bc814c5c657fae988c43890411eb0bf1,invalid_draw_majority,5
0.037371791482634836,bce7ce83cb95dc7bb6686e953f49df6e537a0f25e1066c3a21c5a4d7ffb27170,invalid_draw_majority,6
0.062136828339687165,689f79db3549ec00a4bd6617004468cdc897f412c4621355310d2ddfc3849b58,lost_first_batch,7
0.11464098917978569,d2e1450950b1ce881201f661649bb88e8a6d16df80603d7883ccbd2621b309d1,lost_first_batch,8
0.03544339770477013,3c929465f1b19d0ef0d41383d523e04e7f853c0a06d9366b06dbd749b368b240,lost_first_batch,9
0.0,2f6138e4b25c9aa5a630c703ac9212f95765956145add4532e5823599c72887c,invalid_too_short,10
0.03892076935028736,182e04395c31479fed406837b4e09f7a8d424eaa0d932d18e1cadf696c2912d6,lost_first_batch,11
0.10067628033336927,ceb75468dda944e2caf7b2fe3b7d92d9e1fcb71b1884154672d402566c56a08e,lost_first_batch,12
0.07483752868537497,867f2d812c9ecd6fb7862b7b9184d2d8bc713c2a509bbacd832db284799d978f,lost_first_batch,13
0.07105516773400045,47c65f605a628e5e0096a9e7694f96169be0cc452daf5b75cbe8b5388124ef26,replaced,14
0.16856258327695398,12b129afc581698ccfde5922d19656a14869bb7d8c2df016ab4ddb5956500ca7,replaced,15
0.16358712701057898,f21afde982c5a41f5510b1d849fcced2ba423b668fb08777c6d45337a688dbcd,lost_first_batch,16
0.061452232429711595,52b4c0adfe0d025bdfb1f40ada369f8ce99f9713a8015db4858d870e43db5641,lost_first_batch,17
0.0,b466cf81dc89a43a049d6049d39ee92b2e3d2410635847adc5fde47612ced0fb,invalid_too_short,18
0.10698032695299069,54e89f8e965d5f8ba1d19b59a70c9eacda0a790ac53c80c50fb72532d97c2ffd,lost_first_batch,19
0.0970943193822736,46c299fa3b48b862491f0e1e2582c80c49be791a7f5c86662689d98208051a42,lost_first_batch,20
,3a9bce63e79619fd061a50b14ed0755704c4489079d747a08bdb7ad55a31034b,invalid_draw_majority,21
0.09296755876578514,a31345377c1340cec426648977d2eb4ef4721b0ebe5a9a84ecae29e3b776efad,lost_first_batch,22
,3ed853604c19c40a59e30a34b44fa9edc802117c95ab6a91022ad5f7df1fdf7b,invalid_draw_majority,23
,be36c9a25cca9c95f88f97c25ea4ff70382d3cefb736ead3bd180b90930957c3,invalid_draw_majority,24
0.03816786058089007,24b29c0c20da8259d2358ded2372aeddbd4bd6964bf862c0aa0257050c424ec0,lost_first_batch,25
0.16991149641516598,52584691b6d640f88466ce120177f452a511769ccc8c981bcc256916adc0db2f,filled_empty_cell,26
0.11154591591083926,a6623bd7a198af502097b6ba21304c8de26918bfde131ba7bb22929d32e61145,lost_first_batch,27
,daab1fcdc05ea5db4ead116eec4acbeec4bf7671c5574f3c824809b8aadf4aee,invalid_draw_majority,28
0.0,b8336c0d544d7e7f71fac85f2e78d836a0997e121785be78b5ce9d8be2a17411,invalid_too_short,29
0.11242658917467394,f1c24eed34abec54f32a9f302f6c12b835e90aac6147505a70b6f370682a805a,lost_first_batch,30
0.26919743172093263,2fd4412433a3491e9985e7b48fd88ddec8a32cea9b03ebb04b2c0b0d779195bb,lost_after_matching,31
0.0,1c01da5fb3f0cb4aef4d2b1ff38831bc871e12d4d0ad754a5ef041d08e0c8704,invalid_too_short,32
0.0,a28b88f129c36268268ae3b24c97abc61c40bbec0a1e3e2614ae7df609090b5d,invalid_too_short,33
0.0,79f4440f48ec55e36f56f81dabf8b7e88a7080d6f4af32259f1ba7d09e317f30,invalid_too_short,34
0.04088385147786986,08d9b7b2071cf2d31539a362e9db003b930b19efd9469d0a7fb5048d96f02ad4,replaced,35
,af8a38972cef8b4e4f04ce8df70240b1bd6ca5caad04829cd370fbfa4976abb8,invalid_draw_majority,36
0.05681981204382335,5c028270bbbc1bd07eeed30989d2a56fe4c38ba419aaf8eac55a02cf5986a4cc,lost_first_batch,37
0.060127099796436496,7af3c150e09dcf5fe44138170c42c039a68e46fe2da769770dae1a2af5e951e5,lost_first_batch,38
0.12232680633081405,4eece4c2b183b94a9b6d6f892abb3215ff768388eb28c2239ee13a7cf18b1e3d,lost_first_batch,39
0.10783574595362173,2b7a8094cdeadfddd91e6b0d3c626801d061672730701a01f5dc5e416c12593d,filled_empty_cell,40
0.08602161669029604,8f61f1362513bfda5ba3c04bbaf7f662d74d07b56e3b7f6a7c243f6f62718503,lost_first_batch,41
0.05866477642796804,86936159cab1efa3ae46dd80d88c13ffad7f71e19b7c7ee1ad5cbb3984e3a1af,lost_first_batch,42
0.18466884405319445,692d39fef15c20e68328767878ce8bdf13facff21efbcfc205fa849b3ba3418e,invalid_draw_majority,43
0.1777742746593447,aaa3fad252740567036a82f21b8306fcb697cff1e2d5931b5e5dc42d3467d3b4,lost_first_batch,44
,c20470c65653a27d18a4062da96cca624d8aa7698ee2180676fe63a01fa9e9a5,invalid_draw_majority,45
0.07331331103848392,4fd1a816422fac0a184df33503b65964f863c963cc495b64feaf76cec65ff78c,lost_first_batch,46
0.25397988516376524,a5bbd88d5b8a37a9668283b0507231831ed94b7a2de6772f0c53d8dfc7ef3c55,invalid_draw_majority,47
0.07736894922105664,9f1bce08de775d3190a6fc13039dc3f7b0b146f0bc9773cac9ef96ee9a2d2e85,replaced,48
0.051400761809058976,f8ebcd1e73d7e95759e6adc6118ececfd1ba8ecbb9f5ff44f4d73c607a49528b,replaced,49
0.2713437064122151,a458fde8f020c3d8bf9ed4eea12301b16632cffc3ea5bd696839de5b19842f83,invalid_draw_majority,50
0.08630785484422279,6c9348b2ac60a76e3a7dda35247c00d6b5924fdbb052d17a6a1d0e02384e0ba7,lost_first_batch,51
0.0975953629771539,5064b4e3d30401ac804b5bb752bc56455832fccb5cb2a122949c42c455eaadc6,lost_first_batch,52
0.10387130162312933,93e056fe2f5a5902c9a13a8e2ab3e4de11117d4466cd012d2700d1772e1ac147,lost_first_batch,53
0.2613785212266221,4f1fd3136ab009b2fc8e83f66e34e7058d77c20b9696d871c21fc748982bdfdd,invalid_draw_majority,54
0.22885286066574925,fe33aaeb64037fa8540ca7a724279c2b82dd1f4bbbbda41264b779ce69a937f0,replaced,55
0.0,3731911acd0c3d0e3fb830e9a3dab8c6229a3125a7eca329f4a025ae28f57b21,invalid_too_short,56
0.0,6962e128e132dfb63b5f6a7cd0b4d6c9e19f79f8e626119d1021da846bbdcedd,invalid_too_short,57
0.06869659837549977,cc831197f86b44b9eae22681b6c46ab4152e874664a83b7db3e7b17c5be183cf,lost_first_batch,58
0.0,cc98c52d67fabc9166b9a0d8f853d1a59e8b53e7a7fbb6ee37b066b863b82858,invalid_too_short,59
,9a6a7c53e3535c6d1003f8b20e5bfeaf59bc7172e09c95427e8a54ebdfd35475,invalid_draw_majority,60
0.0,e11a582fba03103668c41cb491cababdcf2490a76ddf8bcc2468be266de4ef88,invalid_too_short,61
0.0764635548967435,5d80dd8f5c087abdb262de1d69a1769a2764cb8cf98d8b1f9c09ca592bbb8fa9,invalid_draw_majority,62
0.11388769283633135,5748582560aaaedcd9c2daa98175cb72d6e706798770d7d53c0e0c16aee1643c,lost_first_batch,63
0.062288262633834364,ec0819ae3d1aedc517221bc1418bf2b28c5e70b401081c26109422b689e6b0c1,lost_first_batch,64
0.0,6004004bd3c6f4908f3e0dc81256149bf76cdf6c3bebb7956fb9aa1127c55f26,invalid_too_short,65
0.055364647047787624,f76ba7adf695118382a617ee349e7111c0cdd7ccb41bac50c22b8d4b6b171b3a,lost_first_batch,66
0.06459674710928985,36e5223e9591b95c8f52d5c0d63461ad988b79bdebc211265747d7d24a9890c7,invalid_draw_majority,67
0.190956473593183,09a3e4b07c6acf282a1f85650b783638bae715984bf6028aad55bf8c74fee1bc,invalid_draw_majority,68
,1ea4c9b013a42b2de274ebb66f5bd9007acf2a51d13a7738e051514f11013c38,invalid_draw_majority,69
0.07887074983899711,a0b1ad0c5079709bd2dd2776d12e1930e5f77be5b93d1d5d4ed5ee8fd3936abb,lost_first_batch,70
0.03846297196408351,169d03c63a27295a05a4686650c3e74a8e36469d3fadf650482cf943caa53829,invalid_draw_majority,71
0.09820528690678382,57b9eab18a1a0ffe0ea2ea638880032b94962d50b320a431c2091d8fd36c2dd1,lost_first_batch,72
0.1224544519148183,a1d401a1789b2524a451a00ffe5f53e311c5fba7d7133504e7a277827153935d,invalid_draw_majority,73
0.04922194864218356,ddf214ea6fdfee2a1b0fd3b0159e18e759a9504c9414afbe56cef42c05226c1b,lost_first_batch,74
0.0,21b7f385968a6b5c8c92a0ea1413bd7b4d00673f694ccffb1f3da80cf3539bce,invalid_too_short,75
,495ca2d624ed20194d02ce0cb7a345c9611cfb1e202540ec8719013bf951c3b9,invalid_draw_majority,76
0.12084047033020294,ef8f08e4b47f0cb08ab155fca6b3044d28a3e75e6bc3a551142b8ed451b70071,replaced,77
0.1220484118715047,24b53e67451967537d3ad5ae83201f318c51520b8ef933235bcbf941a1f76090,invalid_draw_majority,78
0.0,d3cdce00099bb214f8b006b74b291748712e9b5425cc72c7ef19ccd9388c63f4,invalid_too_short,79
0.04151512012446777,39c45294cd758f2fdd34aabb7c461f23c8f454a96b39c8acb5ef9a7e9990bb48,lost_first_batch,80
0.16278020802416268,d7cd7f52af4733a9275e565d3f1db227ff2cabf5afcf17b3d7fb135d4790763a,filled_empty_cell,81
0.08225311596976763,fe1f5d8fcbb59da72e219c52a52bad41fb3c785d42c39057aeb1e48a1ed0d24d,lost_first_batch,82
0.05784743808449702,5bd7aedd901a320c7876b8c840680de06a63c4929be3e5a3938d9cc15bcf030d,lost_first_batch,83
0.06411625048495317,7c862d817edacee9cd036218f304a19f3e6de83c28ab94ee362e5a260d64a15e,lost_first_batch,84
0.039341965227102906,b1771b8f8cb5dd925a603c5e231e99e1f6779701d3678bb7e5f6c23d74050d8f,invalid_draw_majority,85
0.07630023216428043,b6bd2c88d66ada78edbe1172e847cd543cdc843040dd20fdab3501a267aa7b42,lost_first_batch,86
0.14936260747256205,539a870b7420e939b6f8d14bd527490a58d846eced2bf8eceb1175a42cb8f447,invalid_draw_majority,87
0.07820687569682228,1d9901b632c3d1b22af04b442ffa3a327b0a61e6e50c1168746fbe838bba8990,lost_first_batch,88
0.1376890580098589,31b071f342806f8aac2a0e0947fbfaae51e0de66227d881ccde8ab20973a548e,replaced,89
0.11460139924714854,e37308faf0bfd40db32969e2e3cf44071e64afb184acf21bd8ff253dd9668845,invalid_draw_majority,90
,ecc3546c9ea783c388202aeab0726497d1a7403bc35aeb98c828281459f3148f,invalid_draw_majority,91
0.20481792684979583,bc7da4d0d0f3ff51d6711e23e6b734be48649119bc1967249c4112ca5cf7cf90,invalid_draw_majority,92
0.08484381972703764,d7aee94c2d9b29dbfeb164ccf7095c57739d77f79f1ec609adbe76780843d5d6,lost_first_batch,93
0.15312590748219496,1be2638f512b33c6adb0803cfef37f2a21332d78bced5dff9764f0eb6bc012fa,invalid_draw_majority,94
0.0,40023b4dde19992125357c8dab65997e5719a1429da9f24d59b3c707b3ae91a0,invalid_too_short,95
0.0,af159ff51e5490557dc7c112c93d024f3002e0738f716e3133195ac482f3cdcc,invalid_too_short,96
0.15314966434977165,fa3e2d7c06adc04eb6132433cd3fe77325c4144d9f4c6234c0a4e7cdd0de7d3b,replaced,97
0.04007705334741412,5768de55da976c82e55ca73de6f80c4ba636dfa07971ecd9e0b7bc0e7f8e4306,filled_empty_cell,98
0.0,f2f957ebd1e6ffa26da83a34568d2af1e216037c3b7ca05ea3f733693beb888b,invalid_too_short,99
0.01798256111810558,4f5da3515296c1caf5ab6e249f2e8c51b0b06ffc52f7769d86dd82c279a14c03,invalid_draw_majority,100
0.08314037123093443,b63eaadbf0a00ba967d074dd26502a53a587aa84a118bb2ec4965c9c962df887,lost_first_batch,101
0.0,e374b2bd8546488b14784ea2470dc3ebd1738ab2ef1aeafbcf20a28dec15a036,invalid_too_short,102
0.07383328130343048,988a5f265229beab19dd4bb9f516bd43204d5b0090e3fb1dacc747ae25e66433,lost_first_batch,103
0.27094706787099865,20603ac1854e8eb91d1c02e0e6c53cdbc32b33892581a3955c5b0be9a7eb4adc,invalid_draw_majority,104
,e701f28dc6618703d49dedc2a53fb105eca027397f455416eaa46b44986aaca9,invalid_draw_majority,105
0.15497799515674449,4e90ee1f849ae0db47adc9df0776f29ab56bbd05ec9a337d4be39bd9a1999dce,invalid_draw_majority,106
0.08642080102164078,0542a9f3992b16cd875915733bb1011fd434d0ac1b81446d1cce3af4f1454204,lost_first_batch,107
0.10388877844059129,8c7273073465727e436f37a1aff8a5f5e9769ddc52ebbc4585596eec74ac5350,replaced,108
0.07615416123319443,05dfb47a61469cb8eb589d90453d0cde652d6783fe3e6f718d1c3ea69f54cbb2,lost_first_batch,109
0.04116693798620979,68b8460bb22a3a1fe38f6880356f67ea11a949b6018e28ab8fae7739fd8e8183,lost_first_batch,110
0.1618736101968968,b1532b39c4836f930f8fe4623a496104a103e23fb197c0e827daafe9a2f756b9,lost_first_batch,111
,767dfdf8cf34703ce968d0cb4e444a95e18937a66399ca98edd27505c4bcdd82,invalid_draw_majority,112
0.06387264627754256,56f9b0a2ba6ea666829c3d2c47fecc61737f4dff44c421770cfb4c6d4360afd8,lost_first_batch,113
0.0,63a90cc1186f871f4fd78403161965041cc76feeec2dd2d4260d73a14de98833,invalid_too_short,114
0.1159462925387491,2fd2d0464feb7cdf09ed4a1ca336e647f70dc9f3d6efa9881e2eebc2cc39fcfa,lost_first_batch,115
0.024613115670696205,7a4f118cd7a8d9224155d6618cf02f23570e192b5b7b9155c2bf9e091ca2f178,lost_first_batch,116
,c6f1f396bc9d8952c26849c13e5097de382461bdfb47f139b034e8618a7cc191,invalid_draw_majority,117
0.1525450643339429,649c14eabab6109df3a9791a1ffa78c0bc46649ff95e7a5e5e727f3747b1cb4d,lost_first_batch,118
0.05863264787477994,bdf29909d2499f434273ce4b85b6732c9ec5ddcc88675ea587a9a80b127b6767,lost_first_batch,119
0.08684393861051128,60d93cfb4df57cf0092eb553c0f53da0d13523aba9972d8f3a3e84a7b124f115,replaced,120
0.1241857784827583,5c37f36d02fd40127278636834fee0272daf6f814e58bbf64bc0237c145eb6d6,replaced,121
0.0,cad2eaa513b8bd7813889359f678c9c6b072a842a5c5c5ec3bf348f629608d97,invalid_too_short,122
0.0731943288132317,b6a4e750ab43a1d85a20f5bfd03f35e6e40ff0cd95ba86293708179a57ec430a,lost_first_batch,123
0.08045977011494253,8c9a79bc91e1cecaf046e7ca014291762397fd8cb274dc14722b69ebf8cb6ec0,invalid_draw_majority,124
0.0,cea59a4d772d5ec8aa2f1007123ad8f57bef390129217eb5273faca91bb57e93,invalid_too_short,125
0.23172449937338607,9beb385d5fe82e69c4dac4b067e594e85011e8c9f1f9c1449b8d89e07d400b65,invalid_draw_majority,126
0.06147577387288506,cef7115bedf73a67d627380ae0f9f54a67df59ad5c53db7fce8766ebd6e55c04,invalid_draw_majority,127
0.1929494384351397,c48b54f14d56012485ced5a71ebb3154b6ad4673f8087b25a0b39273740c4461,invalid_draw_majority,128
0.163560284194334,7bdff49caa37b647f6582c9825c495a1c4e710b0f60eaa9e45cc3a8fde1c7ea8,invalid_draw_majority,129
0.03583057839999976,7c76f3410289aad919a0e304e44127fe4b26a1bd4638b7fc29e271ab11273056,lost_first_batch,130
0.08465879993337076,1b26d68998d586fb85b52f4e40180d76a21f7dd6b60b606d05cd472c3c820e39,lost_after_matching,131
0.2241609447346807,0ca358049ea20ebd2823c3fe61140c9b342b23927f58911874a2eb9c7be12ebe,invalid_draw_majority,132
0.050010791990916494,5b66edadae517f5a5a680a0b2392e9c9daad029e9138f18f499ca667d403d3ae,lost_first_batch,133
0.045319832237847336,64c7353cb8c7c5a8d9020ac79ebba5dcec0a234da56aa393c696b69b5cfc8d32,filled_empty_cell,134
0.0,d199c7b475c6aa2ddd7e1f9ca24ca89d62dc9a9186773cd5ea515fb14c338c32,invalid_too_short,135
0.086389813716803,c2a5e5a4695093104edf05023846386f342d2708465ec0bb5a46d5a2853a5111,lost_first_batch,136
0.0,f20e14249c2f586f9bfa2a20dcf1e111c897ec6caaa334a5d62833e87a5526ad,invalid_too_short,137
0.08132881023966675,dbd6f221bd1ed8d3c4ceb1d1383a7d32674bb273aaced0862db1ef3c745ceba9,lost_first_batch,138
0.02873873873873874,f64c89f51062c8f9f6e0c1647cbf7594827956043dcc5975ba064d12ab696a2a,invalid_draw_majority,139
0.07536158483681508,cb5a57f3ba2d1afd6de0a91aa55738266ea3af814c9dec7d06e9e8b89d31aabb,lost_first_batch,140
0.07695831740469666,068a0e5a0742c8a25d20ccb6b8de4c616874fe36d344509c41c6fddae8898537,lost_first_batch,141
0.042299030369367156,d002cef5f5c97dc7bc3c1f9ab74312b8fd4580e580aeabefcd1efd205285a196,lost_first_batch,142
0.07977029186432856,9ad0e5753f35d54dadfaac60f647807d086a5e638e2b0da3171c797fae77be78,lost_after_matching,143
0.15083456627300765,d72a54aa616ed2f70ac162d6aed57a01ba9c88006b82cab89a36e45dc6200bd7,invalid_draw_majority,144
,1011a56c60b2316908e99c6d8d3586c4022843648d03e0f24bc77b1cd9f69f90,invalid_draw_majority,145
,bb0d4f269e61f7ef49a6e33617c28af2a79c506a102447756d8bd6a886a53c03,invalid_draw_majority,146
0.10828899473024192,e9667d4da9a20cf185e30e49a5fcf68fd50f4a84fbc58acfd1156f343ed0388c,lost_first_batch,147
0.037861802831440784,a1407007eb4558339f134ee85a1ce7542237e9065c220ce55acb78a1e1843948,lost_first_batch,148
0.09685323851971946,6ee5152691703738ec34712674f34f2c4f17b17c5b97f0f38dd1945d5a75b699,lost_first_batch,149
,b0f216b4ca571163a643e0de94d7f14011108e9e4d1b61ec11bae1c4246ab337,invalid_draw_majority,150
0.09111515873730518,e591969fa87be830d53ad1ee3846353c638476035df3039a19b960d856ffc820,invalid_draw_majority,151
0.0,fd0ba4d03e6f01008241af1cb5b16e9c03b353d5b73c13a7a763f8791b7b6e05,invalid_too_short,152
0.1984383477948048,29d8fed3d6d552493cc5593a7ae15d871bd5dcc82b64b555593a07c5ff9599bd,invalid_draw_majority,153
0.16139597912875073,cb0acf4fdd11a80ea64aab0f772e9f365578f1abf4958c03153ff9973ef2c194,lost_first_batch,154
0.13684767866535266,39bc36246dd61ff159fe5bf4e93f86ae743736e0496727c2a3c8c22cdb541efb,lost_first_batch,155
0.1541512630404169,00dd9a66161ad12cec6bfcec3b982909cbc705cb6c0146cca582e0e2a5690048,invalid_draw_majority,156
0.0694065156325534,74d036adccf3ec48847a5c07f78b8920293fa3bb7b4c8d10b12a6695b44ab2e9,lost_first_batch,157
0.0,00612e0a0e2d41ab699c3e335d3454620dd7b633e48cc7a289f2df8f7a347b72,invalid_too_short,158
0.0,5845ff5aaf592c5087669397ee9ad667e8b945cab92c990a09316ba6a3cc52d0,invalid_too_short,159
0.10872090067621082,3db4c2fe9abc892238c5d5496bea5be1be87c2b27f7e07441a15be23c9edc535,lost_first_batch,160
0.09746763964507113,575dca9086b89a2cf707d60b9a926862cdad949346b61765155efe4e76482e1f,lost_first_batch,161
0.0,e8cf5cf90745acd45772ca9c68e68be695914ca52f7fdfbf98c132c4a0158476,invalid_too_short,162
0.06230003931770682,248956dfb9b2e3c70c8195c6feaf8a5ed73fbea99c44a28133bb2ca0b65bb234,invalid_draw_majority,163
0.2993583349251432,13e708d2ba7c1dbdf40a8068a17d4cf85181ce59a7c834d5d7d36894d5b3e5d7,invalid_draw_majority,164
0.07152650715422823,de476e125ca897c83846691890fa22c2165cd4586266b437e8256d8578aac12b,lost_first_batch,165
0.0,e73889a94b0816bd4f191d3548eec312ea4d690ca428cf35ec463fba31470621,invalid_too_short,166
0.1015958049924737,ba371ac1c4639cd97e54ad4e0ce6245b4ba3c841cf527b8aa6e2ee217c3e0bec,lost_first_batch,167
0.08256600856379939,6fac5868c1ed0a284e3a0acd6878e37162bd71515fab7bfbabeb49aa6a528501,invalid_draw_majority,168
0.09651500761939667,6de7752b549be007aae9a870fe6a85b02d86d34866674186343433db7cf42fe1,lost_first_batch,169
0.07310660171779822,c3a2ee96348aff865adcc5a54db0a97bb767097f39df5099d244b2efca019c91,invalid_draw_majority,170
0.07344214201767901,3a0011fd3d2a27f9d7e4660547c37361e7e9741bba23cbe9628e4d80c838eecf,lost_first_batch,171
0.08860060832758594,8ba7464e4a3c6b1ff087349d42d059efb065b3e27493749c9b7261f6630baf40,lost_first_batch,172
,024cbfc190fc04611db4e9b58e9482b89fbd041ab58ba0df659435c82ddd616b,invalid_draw_majority,173
0.0,47f087204da1c5afe6aa9afcc5a35fd19503654e5f74f388b2ea448abe2fae89,invalid_too_short,174
0.07486370053814113,327a3f888d0f067feb468b4537240716e2805365cecefeca8a6674ccf8d0b144,invalid_draw_majority,175
0.12778243531932632,340121c31df7e1b202ff859e26f31a4965a4054d23d91e798fb167a8697357ea,lost_first_batch,176
0.06389899828595459,8c90edd21cfb441e7767a07e8825321980e389d6e07dc2aa9b30c66ffd0fa8bf,lost_first_batch,177
0.0,568d8ade24177b889e6816831bf54bdbfa4879dd01bc7345727ebfd0f6b9cf83,invalid_too_short,178
0.04889000799262497,50f17cebeaf07e7db481277d586fce93557f3fe313207d0bee0b2672a47fa97f,lost_first_batch,179
0.18059925778873245,0a463e78fe734886731dd916f71520edfeb21ff1d81bafd6d3ee86a507420ea2,replaced,180
0.0,abbf717d03c3adaa6758405a0f8c89434df6e4db96d88aa13b8dc3f2a1e458ec,invalid_too_short,181
0.2527815415803077,0e080ea1679f02466cdd9dd887586a90de01a62ea38643f3cd4fac5eb9b07735,replaced,182
0.08551579261926488,e15a477a3897c41a7f358e9e41c2ba9020ae4ee5db5ee52996f55769eefc3aa1,lost_first_batch,183
0.0,a0815cdc9a3ca1227912889fcdbfa90810e0a4cb33951c67cf2e232e615fb029,invalid_too_short,184
0.19082249189982772,979b073df426d001a78bd19723b94d6f4ac207f83867c2df586c1a9fd6261b55,replaced,185
0.16253152531618004,e9fd123ef097cac95600a7c058d037241cb4015f408cad83476980453b614402,replaced,186
0.09430027689480444,6755fb612bcc6f5955090bd6008fbd035b27156598a63f4a2f132d4ac15f7a69,lost_first_batch,187
0.02104929252565507,faa5c641dc272cd250bfea340d9bb060be28a35bbb36be66edad41b8d76ef98d,invalid_draw_majority,188
0.0,aadc332c1ded12100dd1e339c646973753faafa585baf8f44eaeafc376c1dc98,invalid_too_short,189
,8f1bbbe06c20ee0e34d275906fe3c17222308616e5947c9245ea0cab16be98ca,invalid_draw_majority,190
0.24147049565314802,6899c9baa0237c8fa60880a5cb451678102483b011a6c34e0bce0077ba9fee55,invalid_draw_majority,191
0.0888591308868447,df7a9327334d5913321958e097f47f8a0c1b6afe19c5cc77c84d8fd0064c9c73,lost_after_matching,192
0.0447098654280806,c0343e05f7175604c8331cd6886939d70ccebf0289534a2ef43faa150a932ad3,lost_first_batch,193
0.03498983999791466,65261d671a604e6597bb1503b6b7c5269e24d495e145ad7333578ca03d9e0e8a,lost_first_batch,194
0.11228169138652191,81e5795fc415a1dec94e275429dbeea1bce08ad0054b2541660ab1f3f106b8c3,lost_first_batch,195
0.07831784800869745,895eff349b0a87574e69c6d43be61f76ac0090a8eb0e70fa0bf583e224a0c9a0,lost_first_batch,196
0.0,17fe6110ada99a5ff60c5fd1ef2565ea19ae130c6bdcdca4b0eaa8c7fa95780c,invalid_too_short,197
0.10683030591470698,57f47146efa7f21d3234d086dd9cc6361c8c592ef4db04b9a47398a16bce4bb1,lost_first_batch,198
0.0,5b3e359fc5be5dcf1799a1a6e2652ae7eb05933c249824688051ad7525f5e940,invalid_too_short,199
0.12078462112608987,5f268bf0fca4476acc84d2b28e8cfe02130675ae249de11e54d87390f149b69a,lost_first_batch,200
0.02557813034189932,8de5875e117bb64346d428d11094407e228764517cebb9df54ad7a02dd8d94f6,lost_first_batch,201
0.019327912208962496,01ee3d388833da7b08b3ca275a06a7f93c8f3a0111ef9d53f81e3136a4cffd3d,lost_first_batch,202
0.0,2e9cc7fddce28196bd02b88c189057887017258b0ca8824bc483cbcee0fe1236,invalid_too_short,203
0.0824943318327407,fba76594cb7e58ce58b7374830478c286dffb946da2cd36263166ada525b7601,filled_empty_cell,204
0.1954956730048123,86f364bc68a2c828fb343944b77349014185e539b9f821a235524fdcf5a53a2c,invalid_draw_majority,205
0.04348303605184586,8c15dd5fd01f37134486c999e13f1a34f5241a2c4e0cd83cb23b024fc56aa856,lost_first_batch,206
,eb38e3f27de90e9de6e6aae234ec4f8975c45cd0ed666d96befc2d37438c3932,invalid_draw_majority,207
0.07723721304640686,91a1103728f4c3cb139eebf9aeb26a50dc57b6e189b72c67f60fa8501c57ba5b,lost_after_matching,208
0.0,ce576dc2848e1d4848c5814dfb41df677eef8c49dbb4ca78a9cec90871ab0542,invalid_too_short,209
0.09061029748140605,404fab3f606f1a4b9025eb07bb7f751f86f255439af867e3073474cf6e98e2e1,lost_first_batch,210
0.20141608244517897,4335b6260fc9672223fcccec49c250a4870f8d1b713dcbcd162fad7050aa0b18,invalid_draw_majority,211
0.0,1dcd528add4d7ad585fdf72b2ef467025af317ab3620910083502d2b940714a0,invalid_too_short,212
0.06178234248636528,c5d6573b4b2f089ccc8a31c4390ff0d2a0d6ecdcd2ea85082bd279e9c3d0255a,lost_first_batch,213
0.15163602848105376,ba3f9e66c3ac1f213bf0b00235c74c34300a03f7023ff7e8aa3bac762a177421,lost_first_batch,214
0.10636243534524083,467d03722a65245a35afa59c4df44f8ea716d0ef9f16ea2d654d38d205280720,lost_first_batch,215
0.0,5f531c5a056ca5ccbffad5dfe4bae39163d1d450946d4deb243f38735e9a08b5,invalid_too_short,216
0.09220797491342574,f95373dd76b1d759e6f7124e03aefcdad579fef60d7baf2b1624c5ba091a6db0,lost_first_batch,217
0.0,ef607bae79efec00aa4aaf6baac2f7f52681a2c4238707608e0707a30bd46d29,invalid_too_short,218
0.19329611929067467,c25337288dfea14ccd188651be567da5fd7307fd80a9d9d2c14fe9f25ff89b53,lost_first_batch,219
0.20482559629531222,9a775f978257e5ea93eb4b77ae598b2184f3f1112061c46b3a887b8662accd0b,invalid_draw_majority,220
0.11385248983870756,a14c6926ee73b94e2adee3086ba084ef210dcd097753c2b7ac7d4b5c06f351c4,lost_first_batch,221
0.07685781171445777,c3a0c43ca7ef317dbb2eeda2fe312cefa69efd7c3bb508bbefc57de1ea0a58f2,lost_after_matching,222
0.26484897046133626,0b8ea43ed659038e93c934a213445cd74c7d52444e0260d380ae8aad411696b9,filled_empty_cell,223
0.05394750084387784,23b87ce7753c4318a1ed79c43a61ab3c93765df17d4c5634ac5f57dca017dd2f,lost_first_batch,224
0.06283923765580098,748b8102cfe4709a23007f1c1328d28bb823e9c0a740cafaf6cb8af7dcdb47df,lost_first_batch,225
0.08349787873922976,790135eff8a0d1f2e55c663265f00f76ab27885c6910d46824dd85c741b580e7,lost_after_matching,226
0.1265017291783545,236a2ebfc3e2ce51e399a4a40939c96522e02cb02dc506737903fd1d579a6638,lost_first_batch,227
0.21259086599364338,0bd733ddb3f1388297a6f6aba10295ccbf74b020b49706d9651eb8223027098b,lost_after_matching,228
0.10880809928356021,31f87fb1a277ef350012567c8072693ebb8c0510f0076514335b8b2eba07d584,lost_first_batch,229
0.0,8e54a21274a2841fb31c5be5fc866f2c4f8ff0519d129e66b852fdbe3b8ecb15,invalid_too_short,230
0.07910878909499112,a5bb70b6caf1823ed3d89c0536b9ad509bd90cb09d79a76dc68249b8d22cfd88,lost_first_batch,231
0.0,2f0c72002d5e63c2f0d7165e6f0360dd8ecfb1c5363d01a9073f32591ef5ec04,invalid_too_short,232
0.09317126012357335,487430b7cc80c515c3ce484c0659c34f1f12ec31ec76250ecb4c232f4c126de4,lost_first_batch,233
0.0,0f5c3a1f0a9dfeec4549ac229825f857cbb5df17f97ab7e74a9d00ed23de7909,invalid_too_short,234
0.039870787726658925,6f771c37d91daa7f8e48c3032f5aee29104423eee6c02c310de35e957040ec2c,lost_first_batch,235
0.04091563631761621,8fd835a5760260da29dbb0e188f820712dcbc7690976cf5bf72dde7cc5b23835,lost_first_batch,236
,dffdf01a3610242f89273560d99ec0d6105b306d08c6ba39ad29508f377eb67e,invalid_draw_majority,237
0.10754839932642657,c6c3a02863f527a7874926ffeea68db7df87ac9bfcdc772b6d5a1a66c18f32bf,lost_first_batch,238
,d466670ed59f2e934134bc43573b2da3a62a915ccf1b96d02b2dc7091a854b13,invalid_draw_majority,239
0.1680969377415936,0188dde92b4060796de2c936fc1541289d359f4f5713cfe9c9c037c1e4f90244,invalid_draw_majority,240
0.0,2ccb192baa0680be8619e3d9f6f5b510d6e3e54578363de0f56f4c412399b16b,invalid_too_short,241
0.042318111278629285,3ead62c2d7c1ebca5c88d83a4f35233794ba22d0bfc4b5b5e680842077f124fa,lost_first_batch,242
0.0,b65a879679ecc348c4dac845e76314fa4e30cab527619ed453aa17e0f5664c41,invalid_too_short,243
0.08836207081685488,7543e1edf1324676d340f1d314749fb1f2da79738d0600db6aae13ab99f4d29b,invalid_draw_majority,244
0.14572958786582632,65a0dcf1e1355be3d354b07ab0350343e430fe06ea8a41ebfde43beaf9cb764e,lost_first_batch,245
0.0705212732652792,1168da71c82b6f34fa6ed6da9af46141cd8a7d635700e0dc58fe712281bff18a,invalid_draw_majority,246
0.07753253683572292,74f3f729be38e512dae98140ec732d20488e624b20043339bd30e7586d62d2e7,lost_first_batch,247
0.03406626622520459,0ba4af2779fcf48eaf1303410c87954526afe74b9f81b78f3f10b1453c8d2d7d,replaced,248
0.0,f3b8ddad7502993ea1514f601d2effdcd585159a579107f609c4f78b74c14877,invalid_too_short,249
0.2686988024724834,ff6fdec527e75fefbb81706154a10ae51c6da5c9856df6e9b4c14082f3076493,invalid_draw_majority,250
0.08317955316728085,b6e8d18547b0b967982efebb19009bd3f2018508bf11c5ee8c7a404c37d4b127,invalid_draw_majority,251
0.3947920895311909,9daa015fedeedf32cf21cd32c898e1625c0cf1f43e514c4eb7662bec01490244,invalid_draw_majority,252
0.25433756000972163,9ec64ce8319745e96ef23252af8aa91e0275b8263c73104019c09ef31bb65ee3,replaced,253
0.0997098974427014,b6011136cbbc19a436b87f060220bc51c2524ee3dd9326e2037ff151822192d5,lost_first_batch,254
0.09862611180306685,0a82b1df7cdc17104b57d684598d51886e99af4c2f56d2d9fa8f51ab1fb807e5,replaced,255
0.0,1ea5523cf5868a3db6f95b7f2cd109b353febbf515d42c5ef5bceedd4f46659c,invalid_too_short,256
0.0,179621fe4525714c19c4498511c1af3bb2d7a51aa2a8cd705fda2e0de3f9f94e,invalid_too_short,257
0.0,e8b05cfd741554ed8e926eccaccf14807ae28291893ede96a85e53e4a64e8f5a,invalid_too_short,258
0.0,0881d4b5a3221caea3cd092fe97238297c840f4759cf353f71730d2f410bffb3,invalid_too_short,259
0.20328274291644358,5385493671f524dda43e73fd910004510b6ad7ab41b9104cd009420190da4fdd,lost_first_batch,260
0.07482579540512627,22e04ce6b7c1447097fcca8413ed8951899e293631e7e075069880f602a21a5c,lost_first_batch,261
0.15710067462166452,fd4981cca8d5d408565223d670a506fbd018ea3420fc5574766ae15ed6a6e81e,lost_first_batch,262
0.07279750226735257,614bf8aa1e5301545d611cd809b6baf1efe1733598529f6fce7994ffd581d2fa,lost_first_batch,263
0.06664814565722671,da1c4440aed59f2f9cc5777002fbbaadd6473bf0da685b0e27e406ea2148b868,invalid_draw_majority,264
0.07505741254647635,025d6b9108b61623bb4fe0593f51dac7058b05e54fcaf0c38d157626745fb64c,invalid_draw_majority,265
0.03529491271486688,7cd8caa2beacfdc203b89a37d4b63a1a276a3350b8958ce0a5ec12c8fea58741,lost_first_batch,266
0.1001199937843906,180fff60950a79809ee1f67a2c5e890d5b46485c0af2ac53f974d8bbec9fc375,lost_first_batch,267
0.10878591465320624,f7bd6633c47a80f369f49926bbdee3d1278a79ec886cc2e03fecfd12e1ba8cc7,lost_first_batch,268
0.02732310778683176,09998b92ec6d30c28dc7789d9c6c60f4feac316e1723bac32bbe9142e218d556,lost_first_batch,269
0.0,5093289a34f6062c3d8bb4b886cb19982e103c908516a0f9b98c27203dd93efa,invalid_too_short,270
0.022195787943777124,4c69c876931b32cffa4e1e174c1bcb22457fc4c481ffd3755daae22269d8aa81,invalid_draw_majority,271
0.0,45838a5cc0dba38e3baf331700d6a54813c1f1bfacaabd9e5cce57c3f3924458,invalid_too_short,272
0.10842842801321678,b41ac60fce264612f709a26c2082bec3b17db5c5395d44085a8e96c76e38c4f3,lost_first_batch,273
0.18639006984182147,c9071ea4dff4d8899ee9724611950487418b79466a292125378dec0453af98d7,invalid_draw_majority,274
0.052953063241918244,4174522cc84efdc010c764d6c831d38215037ba899bfc9ba25b965dc0b94d44a,lost_first_batch,275
0.0,b77824bd166a015268d4b1919fd8a63c2301ed081536049eff34ddf1782287ca,invalid_too_short,276
0.04745926870049432,e3a4855ab81b221647d1e31a2378b6ee8260d010af85a6bb2303ff35e45ca7b3,lost_first_batch,277
0.0,b036b28e5af1537acfe59293d9fd1fcff90e24391efbf83301e4cbd27c3227b1,invalid_too_short,278
0.18086044476747407,570b5bea3e415af6f208e38011f1c8c8321d892b25e1b93a680885b9eb68f6af,replaced,279
0.039456395375924554,4b1a0147b02a9e7814385274d170eb4cf3e7c7216731b4a484f0180839b7cf12,lost_first_batch,280
0.0,4a3366a254f71c703291b80b4ed934ddfa021fb9f6ed2e09d28258a9a3f1878e,invalid_too_short,281
0.0,9a97924c77a743a4ed188ea646a57e9802d10a542b24560ae34d142b55f2ff27,invalid_too_short,282
0.27137954679837706,0e7b747ebdfacceaca9e12ff8073fd3886abae3ebe2d3702305af7b0150d7d75,invalid_draw_majority,283
0.2782305874770278,0220135c3b35a2d2c2e4de68d498f94aafa68f923d82d912afca8f82e21a7551,invalid_draw_majority,284
0.0,8f3a1674431916b03ef88d781ca472a525f408f78341aebabddbb5d033cc686e,invalid_too_short,285
,e2a5c822e7d918d7da333282420991e7ac75373db7bcf6f5622973e982e9e20d,invalid_draw_majority,286
0.14902906179201497,0b70b52c774008c3bbe6d7b3f905407aa882122e0604ef783ca61128b219186e,replaced,287
,ab12dde4d89bce2a5b9dc70cb26734f0db4da9fbcaeb207e10175368f35070e9,invalid_draw_majority,288
0.23079811965863462,11a9991bdcba289f19dc6f261d24a1da121c60ac786b27502efc377c58935355,invalid_draw_majority,289
0.0,2cadc0cef3e9ed627ddbe1322419f876e7459479fdd4edcd257602b777661097,invalid_too_short,290
0.150284670945658,ef924acd5deb3788ae1d7cc10e13daf4582870bf22393e33cf81fc9ad69ed19a,lost_first_batch,291
0.09832405550370704,6066779375cbcce413ac2f07227c2a0439fc51d2b350a4b9248b4f4ccf89c744,lost_first_batch,292
0.12351221830206331,c49e3b11ad7ea48616b8ed392e0a317ab18a26a7a84749555e881637b227c0b5,invalid_draw_majority,293
0.20224435442706584,ea2d148807b5babe412e95943f8bb0a01fe3b9b8d804d0d7ef37e7da4ab053ee,invalid_draw_majority,294
0.10587127124095722,9bf2aecb9f1b055a35dd8a59d6a7ef98e2a206a9d2229d9e89835f20f5787bd9,invalid_draw_majority,295
0.1416308468976061,8a0143093a12cae978d796c203e73844a054ac82964bda675a52829251db4a45,invalid_draw_majority,296
0.19910593675726007,574e9c0032cb6bbaf873f9c1031159a21d6c130eccfd7211481c734674d3fce5,lost_first_batch,297
0.07095738554557056,b0345d318d5211a5490e8fe9075c4023bd45cf082e065af82e73e9e57070fcda,lost_first_batch,298
0.0,615882b9713b6574d61dd3b668030f0b69e6cd98d6538042900b9ea986af4230,invalid_too_short,299
0.12333214509217934,6aadd3db285fa99f0088c9c10bf6448f8631d21ae3b9ab063e98927a75f96820,lost_after_matching,300
