cell,child_canon,child_t1_floored,child_t1_raw,outcome,step
territory/3/1,a4ef7f7d30253a3c43b640da2f4a85ffd86e4d12cc8e533283b5deb78d78f68d,0.04166666666666663,0.04166666666666663,t1_invalid_draw_majority,1
elimination/0/0,3aed395be38b352a852aa530e538910d5b3e80bbdad989f087efa289946031e5,0.0,0.0,t1_invalid_too_short,2
threshold/4/1,96fd816ff2bb4800475340183fc4371c55668df7864c7328281e900f49cc62a9,0.45833333333333337,0.45833333333333337,guard_vetoed_tilt,3
connection/3/2,f053c64e83651008530335cd9a46426ceba98ba48118663222c16ae8ba8e3f50,0.02083333333333337,0.02083333333333337,t1_invalid_draw_majority,4
threshold/4/1,54aac65d6310069993aa83a89b0cb25de5a9cd667b041876649ade80f0fb7068,0.0,-0.08333333333333331,guard_vetoed_tilt,5
connection/3/2,86d3e7ee01272e5de7edcec5f019a27f43c87b42839a0ed4e901548f77318ab9,0.29166666666666663,0.29166666666666663,lost_first_batch,6
connection/4/1,2375db7510066d5d7e5bc27b74ec3bf1034b4a0b0909b215332b99b769b7d291,0.1875,0.1875,t1_invalid_draw_majority,7
territory/3/3,575db0485030e931696f8c04613f5705a703e10ccb461d3cdd5d654e6af42610,0.14583333333333337,0.14583333333333337,t1_invalid_draw_majority,8
territory/4/4,9e91c65982a38148b303b2e9401a1d6c4dd21bd1924c2f2c1000efe55ca8d1a1,0.0,-0.14583333333333331,t1_invalid_draw_majority,9
connection/4/1,8f9d41ad9655a70ea7848d6a9709c3fe0fecfa45e8141f5fb8124c202fb8c8ac,0.02083333333333337,0.02083333333333337,t1_invalid_draw_majority,10
threshold/4/2,75667a0d1217ffe5f18632395f3ece49209a1732e1248eaad3d0c250db465495,0.5,0.5,filled_empty_cell,11
connection/4/1,a086825509f8f170127ad1e3013607b1ae06556dda6dac17582c3a6e8eeac365,0.0,0.0,lost_first_batch,12
elimination/0/0,39137f61d24e2cf86c1ed54465cfd03f0a8c99cc5749c63114ca2791b1974b7b,0.0,0.0,t1_invalid_too_short,13
threshold/4/2,5910abe0aa073021e16e89b49e6c6fcfa49f5355bc7fc0176afed206abbb5015,0.10416666666666663,0.10416666666666663,t1_invalid_draw_majority,14
territory/3/2,c688fdb0700a6bda7a2abbd83c18ffc786a70a531464b558c89509ca6a4b9ae2,0.08333333333333337,0.08333333333333337,lost_first_batch,15
territory/3/1,245d9f94178fffe02b7b6c67c15a228c1537bf67c96669787f8d2bb4666a9a42,0.04166666666666663,0.04166666666666663,lost_first_batch,16
connection/4/1,0949d6378b34bf454ea600a59459c122479aee9c2164b1a37e4268d277016240,0.29166666666666663,0.29166666666666663,lost_first_batch,17
territory/2/1,0c0a50bc64663d790f16d6f5018c17cf88bc2ce4dd3392b5befc4e1f42c055bd,0.0,0.0,guard_vetoed_tilt,18
territory/3/1,f140bff02a0246098ca5d00c8f6cff246cd7cf620070ea9c20e47054102f0325,0.29166666666666663,0.29166666666666663,lost_first_batch,19
threshold/4/2,bf71e8538fbe1f0b52e8e837191b8207efe750c5be93b34b27e9aaddc7882794,0.125,0.125,lost_first_batch,20
elimination/0/0,2e2885d3063b1a156ee466f51f983ebe800b2a0c55d70fefad45bede50ccb863,0.0,0.0,t1_invalid_too_short,21
elimination/0/0,d91111d6a77e9a02380af880578c0cc06d3b7ec9928fa880d8e647d544d036ae,0.0,0.0,t1_invalid_too_short,22
elimination/0/0,a7864aba8b373f20cee573b7629b8317eddb9c2c718cb30f8a1ee87f81a20e25,0.0,0.0,t1_invalid_too_short,23
territory/4/3,c389da68d18daa9c7e00ac205cd06f3b6d4e54627e0b012ab01346d2857097ac,0.0,0.0,t1_invalid_draw_majority,24
territory/4/2,572ee5aee8571419a36e08a8cebb92b674ebea565ad983909a3ffc711275f953,0.08333333333333337,0.08333333333333337,guard_vetoed_tilt,25
elimination/0/0,c0aa2162f74fc856bedf288e1cbc9243b35841dffcf5976b88bc5859e3de14a4,0.0,0.0,t1_invalid_too_short,26
connection/4/2,d4d9b6131dda35637e3152ef37dc6d074ff9ac396734c024c1e50f39c6d04115,0.0,0.0,t1_invalid_draw_majority,27
elimination/0/0,69c00d4232c8350415540f26dd8a7b8b5ec33bcd7dc1540b4ce4054a642ff208,0.0,0.0,t1_invalid_too_short,28
connection/4/1,5dd207a3ff4533bffbb0b6e7cbe142fe26143e1cafa5a9cdb2e2f85a9647d1b2,0.45833333333333337,0.45833333333333337,lost_first_batch,29
threshold/4/2,d3b2410423f601e88a9771e712ef9867fc4217bfe22cdf3c830fc092ae1307e1,0.16666666666666663,0.16666666666666663,lost_first_batch,30
connection/3/1,fcd1a9311640c64b7505ef49fc2e55d5912c66c2d28d00fd5f35cb1065bbae52,0.20833333333333337,0.20833333333333337,lost_first_batch,31
connection/4/3,adf1e69fcfd4419342df3a6c96cea4dfeea898b02efa7f0d6b531577a695c559,0.04166666666666663,0.04166666666666663,t1_invalid_draw_majority,32
threshold/3/2,2dfdeffccfb0813d0b452c9f52ff0dc904f86ce1754f0c0ae08b2a08b94daca2,0.16666666666666663,0.16666666666666663,guard_vetoed_tilt,33
elimination/0/0,7799b468b47ba4bccb90cd2dc1455ff387c6edf67b28131bd6f5cf9917094b67,0.0,0.0,t1_invalid_too_short,34
territory/2/2,7df75390e37e6b8de75f59a4cd27ce62eddca802e1568273a385cd2262093b43,0.45833333333333337,0.45833333333333337,guard_vetoed_tilt,35
connection/4/1,0b5011b5e3a2f3790bf98736eddf75ba65f7474dc9dc9114bbc3dfd908ff01aa,0.41666666666666663,0.41666666666666663,lost_first_batch,36
territory/2/0,4732726d6a58cc169a3e2f5f04dbfc4aa34d8ecf6d47cdc01206edcda096be60,0.0,0.0,t1_invalid_draw_majority,37
connection/2/2,d2212f332013402f2163b98332a2169b14821e5dc1a5ae46b80aab37c5c3b776,0.47916666666666663,0.47916666666666663,lost_first_batch,38
connection/2/2,b8e78bcaddac93d6c4ec0388c3227143af5873db7440d004e662e53b98512b9f,0.125,0.125,t1_invalid_draw_majority,39
threshold/4/2,3f9e3c1fafe106e9cd72c46248b6fffd51512d50fb5cee1e9f6217e73039d7de,0.3125,0.3125,lost_first_batch,40
threshold/4/2,86f43f9d21b6488514c5731453f1e4f7f6fc60b870a5a4d611a67919df21443a,0.0,0.0,lost_first_batch,41
territory/4/2,a6d0ca2a97badffc0bbc740906122d021c074b21efadbf3be1389ed8dc95e25b,0.35416666666666663,0.35416666666666663,guard_vetoed_tilt,42
threshold/0/0,7d0e55cc0af120af8a49e3eb6e40a6b3da1549d1d8d7270d51703720d8dd7145,0.0,0.0,t1_invalid_draw_majority,43
threshold/2/1,14a09aa32be7c0929a03ec53a0f957e49d9e6c3ca35c58117ea905d5e56c5a41,0.41666666666666663,0.41666666666666663,guard_vetoed_tilt,44
elimination/0/0,d73abe6c97dc74ac899af7863c285118be50227796fb14a69a0f96224b03fa99,0.0,0.0,t1_invalid_too_short,45
connection/0/0,b2c57e72ef54e5211c189b8c91a3b29b73fd3d3bd3205a6f57200ef7a53e63b8,0.0,0.0,t1_invalid_draw_majority,46
elimination/0/0,846c11cd6a80cf1f0119a1771f12ca1832a14de8559afd7c404ecb0d93be7c50,0.0,0.0,t1_invalid_too_short,47
connection/4/3,dcb6ca81f7d306989f41747027f1ed13ea283a6c85a301aca5640a398fc887ef,0.16666666666666663,0.16666666666666663,lost_first_batch,48
connection/2/2,79ffe68342aaa0b669715638ad0477c51db54af01364c1570dc72ef7d396fae1,0.45833333333333337,0.45833333333333337,lost_first_batch,49
threshold/2/0,111190f816d756726c7b51f262edcfcc56e91f84924007a9e920b1ab0de02830,0.375,0.375,invalid_draw_majority,50
threshold/4/2,de9409fb2348d7f2ef2894e9024a4cb815d639820971b5ffc6def787ab9611a4,0.45833333333333337,0.45833333333333337,lost_first_batch,51
threshold/4/1,a556974ff61848db86e3f0912620a72bec7852acdaed60b5e7dde0b3dd1ae913,0.0,-0.125,guard_vetoed_tilt,52
connection/4/1,d044d9799ca4283415e6a971166c6742595e77542f9501cb56041d1cb767f86c,0.29166666666666663,0.29166666666666663,lost_first_batch,53
territory/3/2,40eac50cda8f27ca9a37f7acf771532315d2788c47cf21af66c1027701a700d2,0.10416666666666663,0.10416666666666663,lost_first_batch,54
connection/3/1,44eaf357841519c8ea44f37c7b6823899d49e5007d39c787829ffb4595baef6e,0.25,0.25,lost_first_batch,55
elimination/0/0,25b13e663f983cdf5ff9d70761a1bfdfa894d592d26c98065f0d9e7f0e8f9aa3,0.0,0.0,t1_invalid_too_short,56
threshold/4/1,04a217469f8691901ca718a1204ad28feae6234a9ba69bc12556d7652c952dbf,0.0,0.0,guard_vetoed_tilt,57
connection/3/2,a9c386492e57d8ec363046ba80a5e5e6d8fd2e65f146aa7ba8da27ba255f220a,0.4375,0.4375,lost_first_batch,58
territory/4/2,929b0b285fd816f7bef073e60dffdaa9c00737e60a2af17f74cf9c32ef42613a,0.0,0.0,guard_vetoed_tilt,59
threshold/3/1,4ca956f427e58ca6ce3bfb20fb0d27e0b9b08842f9c929e9d1b653fa88c3d93d,0.0,-0.041666666666666685,t1_invalid_draw_majority,60
connection/3/3,45dcdeea1ebfd198df80b01087883d746e0ee7fc1b07880e1916bec19f2c66f3,0.08333333333333337,0.08333333333333337,t1_invalid_draw_majority,61
elimination/0/0,9f02d4a5531bf755be3b1ebe74fe59c72c6e095b24c3abcc1fca663233a8b949,0.0,0.0,t1_invalid_too_short,62
threshold/1/0,52cafa4b7449d50935b3444749ed3d257e97b924d66894b1c24b126f96b35e24,0.39583333333333337,0.39583333333333337,invalid_draw_majority,63
connection/3/1,dc83e4ef6282261cf685eb9df29675491c40033b9b97295d4c89cbdc6593b8d0,0.20833333333333337,0.20833333333333337,lost_first_batch,64
connection/3/2,e97e28b9a5f0bf414ffda122a63567dca65587a88ea99c6136090e82b2912473,0.33333333333333337,0.33333333333333337,lost_first_batch,65
connection/4/1,241101e30ca4be2ce2c43d3ecfd1e07b67af9c53522f1524fc205fd9165df2c0,0.33333333333333337,0.33333333333333337,lost_first_batch,66
threshold/0/0,20b647d03f33aafc6ce0cfea1afd29b0918806f80c1d3dff648d66622baeadcc,0.0,0.0,t1_invalid_draw_majority,67
threshold/4/3,057105eebde58401982bb1c57eef80d9e5874ea6a95c6b7b070221a11182115f,0.16666666666666663,0.16666666666666663,t1_invalid_draw_majority,68
territory/2/2,5b5e5085f054f585f20c6d10e0a7f4788f4331f0ca39baf99d53ae71662d83a8,0.08333333333333337,0.08333333333333337,t1_invalid_draw_majority,69
territory/0/0,74216212e98a0544a0dc548446caf51c12c055784dc57e791ecabdf6c7d58ad9,0.0,0.0,t1_invalid_draw_majority,70
territory/0/1,7973ee600ad98f0b15627d01ffa9c67eab106bcdace406080f228ceb5b3e381a,0.29166666666666663,0.29166666666666663,guard_vetoed_tilt,71
connection/4/1,4454b66e9a8b448a55dec02d5358c39d8756ff80c762e10779b3d0b2fdd235ab,0.27083333333333337,0.27083333333333337,lost_first_batch,72
connection/3/2,957a87746f0af75335b6ad924e8ae4fdcacc8c56530f7813e0f95464655d98ca,0.33333333333333337,0.33333333333333337,lost_first_batch,73
elimination/0/0,325302cb67c36522cac55a1085eaf033cfb2f7cfd3797329fdfe3fe60a5738dc,0.0,0.0,t1_invalid_too_short,74
connection/3/1,c29ee1555e106d90480444c712fefca3e856ab8e34c893aeecfa79030e275ed9,0.33333333333333337,0.33333333333333337,invalid_draw_majority,75
connection/3/2,11a6094cb350deaab97cbaf99c501513c09dbc5633f488e7911dcc597a96a7c2,0.33333333333333337,0.33333333333333337,lost_first_batch,76
threshold/3/1,8d477724c32580ec948b423f3f4aabca76931881c735d4157aa06f9b6e65e940,0.0,-0.041666666666666685,t1_invalid_draw_majority,77
threshold/4/1,77b055135f60b80ec2ba62da7a04db845e108d4232c1ca17f8c27fe9a4f47e9c,0.22916666666666663,0.22916666666666663,t1_invalid_draw_majority,78
threshold/3/2,60282b24de77b59e28f272217f0e1c59372529752f29d5ff855eaf5642cff904,0.0,-0.10416666666666669,t1_invalid_draw_majority,79
threshold/3/1,301879df6225721fb3de9c23b51278aa205b6f475deb63060720ee2df9b1b4f6,0.0,0.0,invalid_draw_majority,80
territory/4/1,3e74d192a815b2e202451946fab83893d650fce57e476999cb2909b743070c64,0.0625,0.0625,t1_invalid_draw_majority,81
connection/2/2,c186a08e48e39d537b7f309d0f814600fbe8309eb8c129f4a91d210e7dde3659,0.0625,0.0625,t1_invalid_draw_majority,82
threshold/3/2,e629dcc92da5d3de733adf2add2497220edcb32ae6a10c7ce5cfeaad2b91db5a,0.35416666666666663,0.35416666666666663,guard_vetoed_tilt,83
threshold/3/1,6314f43765e8512919f04faa292407fb4ed6d01416c34c7f75451ce9093c347d,0.0,-0.041666666666666685,guard_vetoed_tilt,84
connection/4/1,1adee71a31650e42531ed99dfc90d959b8286d1f586e553564bfbae003adf616,0.04166666666666663,0.04166666666666663,t1_invalid_draw_majority,85
connection/3/3,7c9c662541824dba7bfa676bb805319c04f21fe3aab9b566821f418436f99143,0.39583333333333337,0.39583333333333337,replaced,86
connection/4/1,0eb3bb1c1e1ff2b4beee57510db38f0b4e24b1a8e445695deaf30160aab17ec8,0.41666666666666663,0.41666666666666663,lost_first_batch,87
territory/4/3,48960f8e5437ea86f600fd906c8008d0ad398f84f018ff09b119936c591e79e4,0.0,0.0,t1_invalid_draw_majority,88
connection/2/1,ced3c33f71a2bec752de05a35a3e5a148d5ef56d752ddb24acdf44d4d9e702e1,0.45833333333333337,0.45833333333333337,lost_first_batch,89
threshold/4/2,39a729516439f0851488912912137d6b3c6f22b6a23005c7891b4f1c52288901,0.20833333333333337,0.20833333333333337,lost_first_batch,90
threshold/4/1,7c0273242c18d252458e3f48570011ac949183a4f54465ad97bcf92f74bcb6bc,0.0,-0.1875,guard_vetoed_tilt,91
threshold/2/1,70e5b6a4fb8cf6ff45efc9ecaf00598f58de6b2d3eab8e889d7405b7a279a499,0.25,0.25,invalid_draw_majority,92
threshold/4/2,77f4bafb6957d8b38aefaeb5dfc4751ddb5ce6b36eb6d7a16bb87e1c69090683,0.47916666666666663,0.47916666666666663,lost_first_batch,93
territory/1/0,cb16a6308e7f4340ea94d524c720fc620ac4d3290e89d171fe539f0be23c2a52,0.0,0.0,t1_invalid_draw_majority,94
threshold/3/2,1247ad6ea8e9711382e3cd15cb5a0721c87e713ca3a4cb336de6daf1b3b0d7ef,0.41666666666666663,0.41666666666666663,guard_vetoed_tilt,95
connection/1/1,6cc2caf85acad4458f9c2128215f144bbf708d1620a7105b9272b46bce00db03,0.14583333333333337,0.14583333333333337,lost_first_batch,96
territory/4/3,ab9465b7b87d9377da171f1e3fd3e2414044e9589ccdbe176483ec61d0028ca8,0.04166666666666663,0.04166666666666663,t1_invalid_draw_majority,97
connection/1/2,1976cd1f94287492904871f6b3c4d3e861b27be59a55c0df20d59ecd81d9026d,0.41666666666666663,0.41666666666666663,lost_first_batch,98
connection/2/1,70057aeb4e2fa0a3647e0c77e98ed76340688b64aece7a57274a05c6f4c416c8,0.0625,0.0625,t1_invalid_draw_majority,99
territory/0/0,678d082aee856e7432cfbd7e19d876c997b052d6abf035d999dd0b3c599e8e11,0.0,0.0,t1_invalid_draw_majority,100
territory/4/3,3f36c7a0da93568b3d10fb923694a52d51969e1bc0bb8ad6d813a43c420c7017,0.0,-0.375,lost_first_batch,101
territory/4/2,8f9c9b19817def3ee20f0e87b1fc7c152ad0ed4f8c2959be457c934705cdd72c,0.0,0.0,guard_vetoed_tilt,102
territory/2/1,227db04584b7971d6709667fc4ee48c125b8091593376d8fcdcad0286e874618,0.0,0.0,t1_invalid_draw_majority,103
threshold/4/2,8b5b1769f8183e4388379e2250bb69075a64191ec34f393821960a2670847958,0.33333333333333337,0.33333333333333337,lost_first_batch,104
connection/3/2,e18a7f0c03f420bda4b9e4ea0501ab685c8cba10ef6c5886d095278e68b26bd8,0.29166666666666663,0.29166666666666663,lost_first_batch,105
territory/3/1,1efaad3f31b333f892403ccdbf7ebcbdd410f13c05d1cbdcf697ec6a6f1fbdc0,0.1875,0.1875,t1_invalid_draw_majority,106
territory/3/2,9253d5128f84dd03dd1c5c040b5597ba64811651355d7bc8c07f1533073111aa,0.25,0.25,lost_first_batch,107
territory/3/1,db45e8de30a4edee05cd82d548a59c8ebaf6eb5dc00ad47ed9e328b5ea5823e0,0.33333333333333337,0.33333333333333337,invalid_draw_majority,108
territory/3/2,c96007abbf7c67724f63f9ce8520d35c2e6a4ac8b02c3ae49cdfda2e1944cfb3,0.375,0.375,lost_first_batch,109
connection/4/1,2c17fa8372bae2a9360ffcad54417dcf0b3ff9094a9a95230841fe7588c52772,0.125,0.125,lost_first_batch,110
connection/3/1,eed3fc41143088b1a304a7b2964b7450998b6d7b3e68edad2922853c8a0f794b,0.20833333333333337,0.20833333333333337,lost_first_batch,111
elimination/0/0,7ccc90af5a3cb7f2de2129aed82637c0bb20e33241614af96a022df8e4288117,0.0,0.0,t1_invalid_too_short,112
connection/3/0,d10c4d5d3c9b319b6ce64e5d67ff18cc887d177bc3084b18dc49474c5ee86df2,0.0,0.0,t1_invalid_draw_majority,113
territory/3/3,4fba6c2a33ab8c4f4f2c924d537c684f8808db506b1b381a0fe4ac5a3f881e39,0.0,0.0,t1_invalid_draw_majority,114
elimination/0/0,0fb3aeeb1cc7f518dc15ae050d2ea6b0db6bdbafa81406c4074edc77a4ecbdcb,0.0,0.0,t1_invalid_too_short,115
connection/1/0,af589f274723281e1f89a62d4b778dba1229548006fced89236dcc312a731eac,0.33333333333333337,0.33333333333333337,invalid_draw_majority,116
connection/2/1,3c8f5dceaa6859698ce42a0cdb2f13d29d42a3929c53b847871fc5372772ce17,0.41666666666666663,0.41666666666666663,lost_first_batch,117
territory/4/4,50b9b259e06fd4bc874d193df8ece3ff84eb8e9bd9d1290722960e312355ee42,0.27083333333333337,0.27083333333333337,lost_first_batch,118
territory/0/1,e51dafedefedee705b8dda706e9c0920c8cee2dabbdd179090a8a2bacddc1133,0.33333333333333337,0.33333333333333337,guard_vetoed_tilt,119
territory/4/3,28601c6a15ec5ac06e5d216bd8a1d7a7ea1361795916d1c0366030077710cc6f,0.39583333333333337,0.39583333333333337,invalid_draw_majority,120
territory/4/2,f8815d7c59dfe34dab425eec60c61a0f1e8d48bf5dc35febe4cc3f953b1582a4,0.04166666666666663,0.04166666666666663,t1_invalid_draw_majority,121
connection/4/3,6f12e8889d26456ec138daf5e59376ead06a77501fd1928073a708178354afe9,0.10416666666666663,0.10416666666666663,t1_invalid_draw_majority,122
threshold/2/1,0cf28dcc2cbc4fdb4995533a410b7fbb99443d93ed3b95432bedc4e5015418b4,0.5,0.5,guard_vetoed_tilt,123
threshold/4/1,17a44ba8bb551d0dab2e1280ebbf0357a3d4e2739032495dc9f4a3e2beaa5fbe,0.0625,0.0625,guard_vetoed_tilt,124
threshold/3/1,d761606dbbccb6f7f583eafc3aef5a99631bfdf059546e6bf57bbe5bb0815c21,0.08333333333333337,0.08333333333333337,guard_vetoed_tilt,125
elimination/0/0,a7934cb17d0911ffe7c38cb9e1aa6141624f76346c86af1681292c8897658e31,0.0,0.0,t1_invalid_too_short,126
threshold/3/1,470ceac6f3b724da523bf18ed79d47eb0fd8508da5429364858a834b6a61931d,0.20833333333333337,0.20833333333333337,guard_vetoed_tilt,127
territory/3/3,f8584415dedfd0d10b5cdfeef25991e9b3c209ed8ac2f41b9fe45998b9e50bc7,0.0,0.0,guard_vetoed_tilt,128
connection/1/1,cda5f835d37a4f740d181a0417947a4e4c5e47d71d9802b315d2837a52a8eec0,0.5,0.5,replaced,129
connection/3/1,dc33a652d08a0601f552c15cc6c17e333c6861facb8f5471873fa2b662851b13,0.04166666666666663,0.04166666666666663,invalid_draw_majority,130
connection/3/2,d230a80506f14da24fa7e5dfa4f90950d0b94a9084ea5c6f51234dabc2bd67d3,0.3125,0.3125,lost_first_batch,131
connection/3/2,0a800a2f6b9788e8088e6adbe56330e7478a84350cd288f7fb6e29615184250e,0.45833333333333337,0.45833333333333337,lost_first_batch,132
threshold/3/1,0dcb86a11fc71152626b10763d3f9af6eac2fcf5ffb795ffc8bb2163dd477f01,0.0,-0.20833333333333331,guard_vetoed_tilt,133
territory/4/3,96158f93937bc2189a258a9df9d0bd5739c328ed835026429d065f8a53a6b820,0.02083333333333337,0.02083333333333337,t1_invalid_draw_majority,134
territory/4/4,4b04f0d9d92077600264694db09a425f79d1574dcd44cc97344b44ed70e9d687,0.25,0.25,lost_first_batch,135
elimination/0/0,3c1200b5617684ec410987433c5a27b22cac935c2847e6dbb7358c1a12e92ad7,0.0,0.0,t1_invalid_too_short,136
elimination/0/0,12595153de1bfbaa5f22bc777ef536b75bb482d078c1fdd231d1a1262a5b3ceb,0.0,0.0,t1_invalid_draw_majority,137
threshold/3/1,1104684bed6f9b946b0446add10c913728b1851c0e944a2ff01c96af2b5b3554,0.45833333333333337,0.45833333333333337,guard_vetoed_tilt,138
connection/4/2,505bbd1b12cc24e8a42c7cd17b88749080f958bcb40f4e2168bd56571b85347a,0.375,0.375,invalid_draw_majority,139
connection/0/0,63c8e90b7de32bca1f1af7d3e513a56fb201dda3978778a6416d8bdb1ac5bfc5,0.0,0.0,t1_invalid_draw_majority,140
territory/2/2,1a7f93daa210ad0db992757d9cb46cfca55e9780bec8bf53135567128e7910dd,0.08333333333333337,0.08333333333333337,t1_invalid_draw_majority,141
connection/4/3,f4bbe8eb12dacef1ce390d5ce19dbe14df2be78a2846ab4cab6f240d1760fcc2,0.0625,0.0625,t1_invalid_draw_majority,142
elimination/0/0,8d4f338e996915526518988b96ed63c7ce3b4135391723cb38b5d6d64c79ec1f,0.0,0.0,t1_invalid_too_short,143
territory/4/2,b8c42f13db23ae243c017cde85051a63fc48db4ae2d657885fdf76ca65a61210,0.375,0.375,guard_vetoed_tilt,144
connection/3/2,c03d0cd57d9fc6de9a1bfd3db43acbb549c35cbbf1064bcb8e9ec80714b0f9d0,0.35416666666666663,0.35416666666666663,lost_first_batch,145
elimination/0/0,a7ce68ae654d80cd7d1ba2da387bacfdacd7031f355fa9204f96e31da528b29d,0.0,0.0,t1_invalid_too_short,146
territory/0/0,ab5de0b0f939ef9a74095e4522ddf93805db216eb7f01695774615de5ca2561e,0.0,0.0,t1_invalid_draw_majority,147
connection/0/0,8a9725884a5cd52883eb2fc60dc3796003b5137a8a0e33c789971fe27465aa61,0.0,0.0,t1_invalid_draw_majority,148
elimination/0/0,e09edb2e01db21ee8c055a4906033b623177705434704d8731ab1b79bb3a172b,0.0,0.0,t1_invalid_too_short,149
threshold/4/1,67cf2f886a65824db02847d267463c471f28215a74ec9c26dae3fdd9bd4261cb,0.41666666666666663,0.41666666666666663,guard_vetoed_tilt,150
threshold/4/3,fb3eaa11875bdb1c042ece3ce74dec0a1f1dcf14e1216a9daef7e4feb6502a4b,0.375,0.375,guard_vetoed_tilt,151
territory/3/2,6ea6e0688a10d7fe5aa3d9dc461c0809439d084659545ba89c67a7661fe9c691,0.08333333333333337,0.08333333333333337,lost_first_batch,152
connection/4/3,811f936bf2346bd8767541af1ad8898dd5ac1d19d95f7d6d9f46168e9f353ee9,0.125,0.125,t1_invalid_draw_majority,153
territory/4/3,d7cada839ded62e222cf2a2e82a945e2d1c642be65a6ef6d72f6a939d108eea4,0.25,0.25,lost_first_batch,154
territory/0/0,b1f31a7459e0ad3ed8c4d3560a5719c552546cee024f20e9e14973da0bfaa553,0.0,0.0,t1_invalid_draw_majority,155
elimination/0/0,b815a3bd27186b5e6b484beb8bb437a56b6a17aa142e07085e622d973840af2f,0.0,0.0,t1_invalid_too_short,156
threshold/3/2,c46d1cf8ecb7c3f130bcddc5e0c7b73491d94c9f82e2780e8afe48efd2387336,0.0,-0.20833333333333331,guard_vetoed_tilt,157
connection/4/3,c5eaa358ad641b733538558a48d5d3bab01141f5b883a6eb041d07aee66f5f29,0.04166666666666663,0.04166666666666663,t1_invalid_draw_majority,158
connection/4/1,bdcc2e9980cf8315d93da8f79fc039df629bd141a8f2a81d6b5697ab9def7a98,0.33333333333333337,0.33333333333333337,lost_first_batch,159
connection/4/1,755a069af9c63d42384e1b887cc4e3fc8686a73968679a3c6948a72d15fe7ef8,0.45833333333333337,0.45833333333333337,lost_first_batch,160
threshold/4/1,4bc72e3911c9cae073e6ff24539be1e1b42cb540e9112cf92ea53cf340ca6700,0.16666666666666663,0.16666666666666663,guard_vetoed_tilt,161
connection/3/2,5b4d99dbffbc742eaa658ca2503b3db8a7030ab389fe07ca6229dbf89c26965d,0.33333333333333337,0.33333333333333337,lost_first_batch,162
connection/3/2,ce697bbcc33e4869d42a80c2267702afd057583bfc2a92d45929a1baae70751e,0.45833333333333337,0.45833333333333337,lost_first_batch,163
connection/0/0,2de970542c1288601dce38dab75c704f0046f36700c31948d8e2f3d55b31c963,0.0,0.0,t1_invalid_draw_majority,164
connection/4/1,13ec7a9806ad2158365d4d33b1ed9352a4f78983a028f62570377299dffabfd9,0.0,-0.125,lost_first_batch,165
connection/2/2,e6cd60ac9fc9f35d74e34dc8d026b5ae63bc605c355fdb365a7bdcc383a8add7,0.22916666666666663,0.22916666666666663,t1_invalid_draw_majority,166
threshold/4/2,0d3c91fd781b899b5a50121f6676d27c43643d6c7a60cc4f1bb74d0a41adff18,0.0,-0.10416666666666669,t1_invalid_draw_majority,167
territory/4/2,ea46d5584c71381a8ad49d53d385ca3c524004354104decb1d7e9abd6d3753f8,0.47916666666666663,0.47916666666666663,filled_empty_cell,168
connection/3/1,2af7bc902f10067919607231778f0444c50defd0a2d87c16377ee8bf55d8f113,0.47916666666666663,0.47916666666666663,lost_first_batch,169
elimination/0/0,c9b5b01cc7fb46e13f81cb183b3425b5028a39f10045ae7f4d6548d6e8a02725,0.0,0.0,t1_invalid_too_short,170
connection/0/0,bdfa936832b55575cd632c2dba2638465de0888fd1dfe544cf503e543852d82d,0.0,0.0,t1_invalid_draw_majority,171
connection/4/1,aca846aa443365f94b86dd7dcc2b0a5c04ca0b0e9b35f0d374e88cd78b9ce6a9,0.02083333333333337,0.02083333333333337,t1_invalid_draw_majority,172
territory/3/1,c39508bd88079af2eeea66f5c47820930bc4a1be73a83f2d27c1f4b71d440c53,0.25,0.25,lost_first_batch,173
territory/4/3,31315ae9a4ae3b25a0d09e5d44be5c23648990fec9c5c7afe1cf875f4adbcf71,0.04166666666666663,0.04166666666666663,t1_invalid_draw_majority,174
threshold/4/1,1268cc01aee5dc1cc4a14acb3077909783291ce44b1b924460c15606ead6a7a5,0.33333333333333337,0.33333333333333337,guard_vetoed_tilt,175
territory/3/2,2c871788ce1e9101a61373995d79881c1ce6e1c9d0413e2b728bc40e87aa7769,0.08333333333333337,0.08333333333333337,lost_first_batch,176
connection/0/0,e7ebdef5eb7d62e086fdc2b51de57b0d2486aa858aa59d79df193774ae2bd156,0.0,0.0,t1_invalid_draw_majority,177
threshold/4/2,bf8454e4c2228190ac674391ef15e246e79498a5fa8b78bbae93543ccb486f3a,0.16666666666666663,0.16666666666666663,t1_invalid_draw_majority,178
elimination/0/0,2d6e8ec8249b0651e8870e149d54729f45a5f598ea075f0f491d9b40f074e098,0.0,0.0,t1_invalid_too_short,179
connection/4/1,c326eabb72f61724a2a475873b44f4e65930e38086d6ae69e650101ec30d5d4d,0.16666666666666663,0.16666666666666663,lost_first_batch,180
connection/2/1,20c47a4afc9a52973a108cf50013d6f1bff5767720e9d623e54eb772998aa878,0.0,-0.020833333333333315,t1_invalid_draw_majority,181
connection/3/1,b01f730d867247bcbc34a8880dd71e64228ceccc720c61088a2225f8d42e0969,0.1875,0.1875,invalid_draw_majority,182
territory/4/3,f2a9063d206a53ea088891fc0409f9d39a7558cdef5d00c8614caa4c75e7b3d1,0.27083333333333337,0.27083333333333337,invalid_draw_majority,183
territory/4/3,643531ea6df9df7efdcbfa8006e16064949fb272c2aa5ac494414ad675d0907d,0.0,0.0,t1_invalid_draw_majority,184
territory/3/2,62f06cf5c44d3b8343580d5ece1feae0881b15b8708d28f4b5a8c3debfb63ef2,0.39583333333333337,0.39583333333333337,lost_first_batch,185
threshold/3/1,c68de8a5baf4aa259b205439ad8523b05eb8f0f8cb313ee36ba7a39fb3a7d245,0.04166666666666663,0.04166666666666663,guard_vetoed_tilt,186
threshold/4/3,a6b767b0c07daf347e914af30eac36effd654e9b4352afcc49e3acc27bf4d1df,0.27083333333333337,0.27083333333333337,filled_empty_cell,187
territory/2/2,3a700f16cf4c6218e032584960559e0f20dccdd4f26f8166c2345436d255af37,0.5,0.5,guard_vetoed_tilt,188
connection/1/2,9d551aa1a5b6961bea50a6ad3867687661dc9c973cd0c0a707ed114c6997281e,0.41666666666666663,0.41666666666666663,lost_first_batch,189
elimination/0/0,d1fcbb8e39589059e6255bcf715b69f6cdd2c55440da7f1667b89d67fefacbe5,0.0,0.0,t1_invalid_too_short,190
connection/0/0,5179a30509e82df74e1d3bc1903f684141a066c105a01f995c4e5449472b76af,0.0,0.0,t1_invalid_draw_majority,191
threshold/4/1,c6fd3131c8a0ca9e8608efb64cf164aff830d878779802b0e494fe49a78409ab,0.0,-0.14583333333333331,guard_vetoed_tilt,192
territory/1/0,2373d2c3b321fe1132f8201546fc1a41d18f9c59e1d577a2b439ba8fd3505964,0.0,0.0,t1_invalid_draw_majority,193
territory/4/3,2aad20f9f423ffd0fbe849f9e039cecf98010e126a29a1cd043a97e7a32c2516,0.16666666666666663,0.16666666666666663,invalid_draw_majority,194
territory/4/4,63f2cdecedf2cfdb762142af80c01e066e3213578e95a2c42e7aeeca76c2da6d,0.04166666666666663,0.04166666666666663,t1_invalid_draw_majority,195
elimination/0/0,0a4850ed8b0e02ed600ef34cf7ca796c1f86004f2cfb7b645da58440daeda46c,0.0,0.0,t1_invalid_too_short,196
connection/2/2,3ed84e24a68cca8ca820bd5c0dace1ed8a81c0c6e02900684561aeac8b028a73,0.125,0.125,t1_invalid_draw_majority,197
territory/4/1,9331609def216cc73e3a00f6e3c6cc73756ddb3bf5eba158c7a07e1a193c72f5,0.29166666666666663,0.29166666666666663,guard_vetoed_tilt,198
connection/4/2,386bca7f04e63df7569e7b6f9c3296103326a351259b345e7734dfc409ba817f,0.5,0.5,replaced,199
territory/1/2,c0d0eeec66538848b018b4e90c075a1a191205846d29a82f317b81823585657f,0.0,0.0,t1_invalid_draw_majority,200
threshold/0/0,9088bfee15e6385bd788752598527656b8fbd0507f7e0e3601fba1e885a3030b,0.0,0.0,t1_invalid_draw_majority,201
connection/4/3,8d1e8e7cb34457903e222e578d2e4a92db815efe7a318383381be7b4318baa50,0.08333333333333337,0.08333333333333337,t1_invalid_draw_majority,202
connection/3/3,fea5897e8153c978e8f071f96b2d1b4ed9510fc554f74027e62ea7a4f6f11b3f,0.20833333333333337,0.20833333333333337,lost_first_batch,203
threshold/4/1,3ce878cc05a28bc4cc94a940aede4b9fee5287d8a2dbfcec4ca8def6b4f0d7cc,0.02083333333333337,0.02083333333333337,t1_invalid_draw_majority,204
elimination/0/0,4287296c332c2b35879ec7897206f3fc8f1683c9cfefd7b894d3171c467a28ea,0.0,0.0,t1_invalid_too_short,205
territory/4/2,8540ce014307e47b963aadb5b95442c46586f822c9435e7bca176866f4288f32,0.22916666666666663,0.22916666666666663,lost_first_batch,206
connection/4/1,477b757254dd041e65b7e94945d0dfd51cbc5801a8195b5272438f2c2cc7f23f,0.5,0.5,lost_first_batch,207
elimination/0/0,68082a05fe67d3c1aa365998d37912b295759d52ce7a87a7a3da8735859535bc,0.0,0.0,t1_invalid_too_short,208
connection/3/1,cafc88a1edb1eaccf5ab751c4bce35dc040f2c0f3453f316534d2f24fbb7b4dc,0.16666666666666663,0.16666666666666663,lost_first_batch,209
territory/4/4,3c5ac06326b637dca5f77aa97e94fea9e03eeeaad4102491febc857b4c15fcd1,0.0,-0.3958333333333333,lost_first_batch,210
territory/4/3,884ce7173010e01fc1464927a6dcba503a7889ef9c56dc0232ef092ee12ca4ab,0.3125,0.3125,replaced,211
threshold/4/1,a22083d9b39619482f3f8bc9789f2d2fbc0e57aae9c832e5e5547f378aa59a61,0.0,-0.22916666666666669,guard_vetoed_tilt,212
territory/3/2,3a84ea635189b972e812bed8624381cad3ffa0c6b9d91e3e9f06c587e7bb3010,0.02083333333333337,0.02083333333333337,t1_invalid_draw_majority,213
territory/3/2,e505a78a7a8f337a17b0db980c84f895c4d8b833bd8486814bb5b3d15361d669,0.125,0.125,lost_first_batch,214
elimination/0/0,b76b18fd09abd04b0e7ea4e53e95e9b8b850ae0927f142a6fe2c377ceb41f8e1,0.0,0.0,t1_invalid_too_short,215
elimination/0/0,b3d1a863029ddacf3085cd03a804ebed2e6c6ec8c11f067934dd4ccb456d41de,0.0,0.0,t1_invalid_too_short,216
connection/3/3,c89bd8c17f8c727c5ae75450fc6a564d1f8aa7057d624d5c3845f8a34d9595a5,0.25,0.25,lost_first_batch,217
connection/2/1,f4bec34ab7fd8eb234698cffce9c083591a0279e020d92023a52fe7f77c16fa9,0.02083333333333337,0.02083333333333337,t1_invalid_draw_majority,218
threshold/0/0,01e7e77b67d8a079ee40c1d7ffd3a28366d2bde7cf81e82014341effa1f0cb8e,0.0,0.0,t1_invalid_draw_majority,219
territory/0/0,38b20aa955841513045db76462f53b2730ca04c03c38006b45a040859a5eb50e,0.0,0.0,t1_invalid_draw_majority,220
connection/2/2,2a5523908a9926621c527998c35b25b0cd9c643f8f81f4b9c222b89005612997,0.47916666666666663,0.47916666666666663,lost_first_batch,221
elimination/0/0,00f9fca325e4b92b9c3f0a9a23cc74c9e9a233dff00d972ac852e38f091aea10,0.0,0.0,t1_invalid_too_short,222
elimination/0/0,dbf76dd34a032737c2da0756319c25e9f9abb0d8cd7e2151c66e3a451c4a442a,0.0,0.0,t1_invalid_too_short,223
connection/0/0,d458ac76da6d509d5355b534a03e2bd392a8d0c098ff85823c7b26f7912f15bb,0.0,0.0,t1_invalid_draw_majority,224
threshold/3/1,90f1115d41643c9bf67467176300aba9cd1e49db3a93de7846f5ff448f876893,0.33333333333333337,0.33333333333333337,guard_vetoed_tilt,225
territory/4/3,42df0a837803ac6d8bf5ebabd35136ff433f07156a651d17ab75158ad47df7d2,0.27083333333333337,0.27083333333333337,lost_first_batch,226
threshold/1/0,652d851cf05f707e77cd18a75c4979b7e3cfab648c0ea72e9c707706af2e7dc5,0.39583333333333337,0.39583333333333337,invalid_draw_majority,227
territory/4/3,87fed135b43f140a000e85b51be95d412bb06bf76f12307af30bcab1d336dd4f,0.29166666666666663,0.29166666666666663,lost_first_batch,228
threshold/4/2,9c90f782732181a3e0a33602404de9316d4b5d5067109a7fd96491eb5eb7e9fe,0.16666666666666663,0.16666666666666663,lost_first_batch,229
connection/2/1,4f978b57eef3a5db622114cdfd037c60a752cefc1e3dcc877773bb756fe65fa8,0.33333333333333337,0.33333333333333337,lost_first_batch,230
connection/4/2,96989ca5f0b7ed20317f07f731954c36c38c67607bbc13a0ff3821f5d77cbc54,0.0,0.0,t1_invalid_draw_majority,231
threshold/4/3,7150b0bd9a38bfcc223fef003036fd64ec5255ebb6e32b49a9016e20bce94d62,0.25,0.25,invalid_draw_majority,232
territory/3/1,df55068117c7dffd4bf9a8f480c8ec038723fbb8194d8e80494088274c240022,0.0,0.0,t1_invalid_draw_majority,233
territory/0/0,426da533ee569acc7569af1e942583adaf76ee653363ab55a95b97d0f305258f,0.0,0.0,t1_invalid_draw_majority,234
threshold/3/2,d024fbfef96a398936f9b0355e147b8572fe69c29161087255b967320f188226,0.5,0.5,guard_vetoed_tilt,235
elimination/0/0,3e7820642adb4bddfca5cc13b773a0d4a396c6aca1ae95a656db71c76731c61b,0.0,0.0,t1_invalid_too_short,236
connection/4/1,7f215918e2cc06194cdcd68e94319b847936b04057781e710922e67cf962b271,0.3125,0.3125,lost_first_batch,237
territory/4/1,23dc1d36c674aed043c3991ce7a9e8c85caabafa88307b30f6810b96d38290c3,0.02083333333333337,0.02083333333333337,t1_invalid_draw_majority,238
connection/4/0,3e822632bf62882714fbdd5e8fe20d658da79e73fa5387af6411c990ba2989bb,0.39583333333333337,0.39583333333333337,invalid_draw_majority,239
connection/3/2,dfdf9547bbc27adc9009408c6814c945f0220b2798de5a58639f48d17bd0dfc3,0.33333333333333337,0.33333333333333337,lost_first_batch,240
elimination/0/0,9c51af18209f96263f5498e250c00ff71dbbce3ccef105a7239b728fe9f17a75,0.0,0.0,t1_invalid_too_short,241
threshold/1/0,64bd1d9e606bd061d2c3558c7c9235a3b1dfa24b10e0d1cbb3179b1fd534f1bc,0.41666666666666663,0.41666666666666663,guard_vetoed_tilt,242
elimination/0/0,e800b53c685c3fbc44de86ccc9d485e33b876b17d3c5cd59bb37dadaf483c86b,0.0,0.0,t1_invalid_too_short,243
threshold/0/0,e2654d815aad61369d1e7a8e9b13dec3aaff5b888bc72ac4bc74e3691e2f68ad,0.0,0.0,t1_invalid_draw_majority,244
elimination/0/0,92a1468b5c86497f66d32483db69373093602d728cb99a127b3a8a88aaceb7cb,0.0,0.0,t1_invalid_too_short,245
connection/1/2,9c08795204dda4bf1e89c21bc0ab1e86a119918ccb44ccbee315a088cf718991,0.29166666666666663,0.29166666666666663,lost_first_batch,246
territory/4/3,93c08389dd637bf135c47d2c68f1982bc1702082c611851238dbec289a6d9ade,0.33333333333333337,0.33333333333333337,invalid_draw_majority,247
elimination/0/0,f296d39bdd9f17ce1021dd5353506e49af0ba2e8e74068e0005a91adc93dc481,0.0,0.0,t1_invalid_too_short,248
connection/2/1,e0d191ddb480c55c14d93e3a2e30881c890eff1d40d8b6e022e9d54e6909c73c,0.0,0.0,t1_invalid_draw_majority,249
territory/4/3,d61a0698827a7c5882443a1493657e5ba519f12a127a03a1019622ef1d1c767a,0.0,0.0,t1_invalid_draw_majority,250
elimination/0/0,abb038a1fae916a368f6aa2e6b6278970ad256d1ba11c3d41fdefa010f454940,0.0,0.0,t1_invalid_too_short,251
territory/3/1,6ca662cf276eec4ac7481bf5b36faf156eff33627a3d6df59cda601560bf1d5e,0.04166666666666663,0.04166666666666663,t1_invalid_draw_majority,252
threshold/4/3,add5af0ff31cc94518fc87c51a969fb9f02fa5aaa00df44a49fd01616cc938fc,0.125,0.125,lost_first_batch,253
connection/1/0,7fabed23b8a5c49ae3012a6a6fdb6ce5602683e3bbd0d3119720c4e58166de4e,0.3125,0.3125,invalid_draw_majority,254
elimination/0/0,d4a44766bd3b43d8cd08aeaa4349360f1e7c8b973ed9a15542e5ae4dc6d368a7,0.0,0.0,t1_invalid_too_short,255
threshold/4/2,f7aef14b6ad19c271e1fd5e2bac3dc6097274c765c062a68b66165c47738ba00,0.25,0.25,lost_first_batch,256
connection/4/0,773d191c208af8924830de777d50432eb576767a3d20eb4cc24fdc7289c3daf5,0.375,0.375,invalid_draw_majority,257
connection/3/1,04c8e9bcf1608c6265f66e9fa7096be776b8c8c56e5cc646ad5b6775277b3ae4,0.41666666666666663,0.41666666666666663,lost_first_batch,258
connection/4/1,806015f0e0889437d9dec301a164ba0c1e412a3164a16a93b19292cd7aa54af7,0.20833333333333337,0.20833333333333337,lost_first_batch,259
territory/4/3,7289a021430c94fd61dcb6080969ce016ba62bec95cd05bb6f978eac5434ae25,0.29166666666666663,0.29166666666666663,invalid_draw_majority,260
territory/4/2,d69b061f85b19409ebfedd3fe8340a9a2baa9737f861f33d1cc2ded58b31eb89,0.08333333333333337,0.08333333333333337,t1_invalid_draw_majority,261
threshold/4/2,8a97e3d38ae0ff87b24bc344aafef94aa779dc562e78b462f13334f5ae7a790a,0.41666666666666663,0.41666666666666663,lost_first_batch,262
threshold/4/3,b53e6ce7aa258d2e952862636b50415decb14876257b1d76d98c137331c4c910,0.125,0.125,t1_invalid_draw_majority,263
territory/4/2,d17a33df6b69f4e6bb5d68c2b74b59e88ddda9843bd08500f765f689608e0a34,0.25,0.25,invalid_draw_majority,264
connection/4/1,d3b070c2a13a423865f1bb9a22b3d0a63aa0e2cd82a1776738d7eaf03a2952df,0.375,0.375,lost_first_batch,265
connection/4/1,ed4c8763f373322f3a78fb6cab2bc0a728b25eda2dcc9a078db3dd60949d746d,0.29166666666666663,0.29166666666666663,lost_first_batch,266
threshold/3/1,d9832c8e9e8939b5fdbb9941406b8d1a3267431635052211231b0256174ad808,0.0,0.0,t1_invalid_draw_majority,267
territory/4/4,1d548a832342f1bc0a12cf8bd0027b8b11ce1f7c5fa18a518888807fcf2a070c,0.0625,0.0625,t1_invalid_draw_majority,268
connection/4/1,7075c30887b320589e61bcdc5dd795fe7c72d93175d62c3cdfc1e810c8ff0f12,0.45833333333333337,0.45833333333333337,lost_first_batch,269
elimination/0/0,a0fa8284030d9d81185ff805e6161edb877e1a9890a28574a77d2597326ff0be,0.0,0.0,t1_invalid_too_short,270
territory/3/3,d6e4157bf07ed2803971a8c1bdaae9fa761d1ad6776e10ef9413c5a5875e8703,0.0,0.0,guard_vetoed_tilt,271
connection/2/1,87de14fbc3808717305e6ffa35d7c1bb18d38d2cd7b6f01dad2dca11ac97b0c5,0.39583333333333337,0.39583333333333337,lost_first_batch,272
threshold/4/4,c3d64522a4086d6638d8edfb2ff093d1def17693e10c04cb47080e42eba7dd93,0.25,0.25,guard_vetoed_reach,273
elimination/0/0,ca7c97f959ff3c3a2e5a49032b7131d0eb5d53ed4657701eeaa65dac7b3c7490,0.0,0.0,t1_invalid_too_short,274
connection/4/1,f236f81041db289dd59af633bac644ffec0280839015201246622777202ec2de,0.27083333333333337,0.27083333333333337,lost_first_batch,275
connection/2/2,136730b799490c537f91804564490d1c0b9560d37ca263965367dd429bf62a26,0.47916666666666663,0.47916666666666663,lost_first_batch,276
territory/4/3,1d0d3f32217feb767a2a7449489ccabb48b5f44bac5c4fa7932fdafd295713ed,0.41666666666666663,0.41666666666666663,guard_vetoed_tilt,277
threshold/3/1,e160b30d71e3dd6695937b4fcc50ba3f0a418e243a2da7c51e7b5b9346b5c2aa,0.0,-0.29166666666666663,invalid_draw_majority,278
connection/2/1,96fdc51090d365f6fb2ffa8e32e7785f3701571894c3b98af15f45059f538424,0.4375,0.4375,lost_first_batch,279
elimination/0/0,8ee4d598ad31c149bfd6a6ab18205b4f17dea24f5371a3e3aff5cc720483b7db,0.0,0.0,t1_invalid_too_short,280
connection/2/1,072513c878ec8d058694adc9f6a450529094864b07e30f959e8011ce7be77c3e,0.33333333333333337,0.33333333333333337,lost_first_batch,281
elimination/0/0,614937969d051ce59810dc4c439d1bd258abda6471dec8388a959a3d1c74462f,0.0,0.0,t1_invalid_draw_majority,282
territory/4/3,f4471037e5a3bac83a6c40c890abc6d165cb4910ae7ceab69134e2029e4e3a7a,0.29166666666666663,0.29166666666666663,invalid_draw_majority,283
territory/3/2,880e4b479e3fd7aee328a9b0901ef24fd67e69d96b48592285f3f1ce9817200b,0.0,-0.041666666666666685,lost_first_batch,284
threshold/3/2,5604045120e37fb670e814527bb30d18a058fa134c415be8ac80af58be0a25c7,0.47916666666666663,0.47916666666666663,guard_vetoed_tilt,285
elimination/0/0,c825c94b17d03519c1c332ae7f57519ae6ab677a09fc3b80fb41515ffa0d93bf,0.0,0.0,t1_invalid_too_short,286
territory/4/3,948104aadf03536ec7bb6e928f213e17d11564544eb08c00cbf0948b31fed765,0.41666666666666663,0.41666666666666663,replaced,287
connection/0/0,5e85f489ae4abb3b1012a9458b9fd80fc9341b427131516702a29271726ce330,0.0,0.0,t1_invalid_draw_majority,288
elimination/0/0,842620c97df77127c842befeddb83be6e05081b8ff8d8717f9992e69fbc123f1,0.0,0.0,t1_invalid_too_short,289
territory/3/1,40f28445affabe37be62e5bc6fcdf6125b1189789426aa8ec048fb2ba077f9d1,0.08333333333333337,0.08333333333333337,t1_invalid_draw_majority,290
territory/4/4,a0b482b5d84701ee8141b6f08bd978e82238e0ae2c7231a1c30f66f3f5ddf7f1,0.4375,0.4375,replaced,291
connection/0/0,d4c20254e704f7138e2287146c697f2d8c74ed1af6cec41a39c2b8022aa083c4,0.0,0.0,t1_invalid_draw_majority,292
territory/1/2,c2665f482b4562a09ec79230444c45ccc734d437a2e18de1a31fc99af8c62913,0.41666666666666663,0.41666666666666663,guard_vetoed_tilt,293
connection/4/3,e1cec35612156129115c9e02e3952c7a9a73b88ab623290737039be88d9a7d03,0.08333333333333337,0.08333333333333337,t1_invalid_draw_majority,294
connection/2/1,ea3c33f3d8d0bbd807a89ad90b2704867c5ed67d91b5a1641523c5c024851a80,0.41666666666666663,0.41666666666666663,lost_first_batch,295
territory/4/1,666ce05aec9622ba13666013ffd137d275bde6657ab9f4897fc3ef11049a18ac,0.0,0.0,t1_invalid_draw_majority,296
connection/3/3,535b04527ee59a895ee4d7a084d57268ed072d59f583a2cf0074256a69d8d891,0.35416666666666663,0.35416666666666663,lost_first_batch,297
connection/3/2,c8cb4b0444dec5f5ec59855c0a5edcda5c8858ddee93c23d5c061abe3c55ec27,0.16666666666666663,0.16666666666666663,lost_first_batch,298
connection/4/2,80820402aa15d0ef1e9d62751eedc04a0697747b3a0afade9df64a0ecafe5489,0.29166666666666663,0.29166666666666663,lost_first_batch,299
threshold/4/2,b8cf3085421ac794253037bc80bcc1e163decb48d631996306d25b37b1b7ce91,0.0,-0.10416666666666669,lost_first_batch,300
