cell,child_canon,child_t1_floored,child_t1_raw,outcome,parent_canon,parent_t1_floored,parent_t1_raw,step
territory/4/3,3766623b13cfc5b55c9bc78de11aa288bff213391e18da1ceedabe4df0e6c97f,0.41666666666666663,0.41666666666666663,replaced,f6d9a822ddf2a52fcca714adb2e422aea31de052a0b96c574cfc60ce24667364,0.41666666666666663,0.41666666666666663,1
connection/1/2,005bd8897ef8b023153b9ba356ebfd3dc2f809fcf69d7cb36541858046054030,0.47916666666666663,0.47916666666666663,lost_first_batch,2a48b047cfedb14c800e37dd3964a081296674b8b37724016f86807037c2812e,0.5,0.5,2
territory/1/0,1ac8e62fcc70a9d097b4d79a4f0878711576ec86ac85208af30225a99686d434,0.125,0.125,t1_invalid_draw_majority,21e02e73648b3c47160f7b6a49e1bcbfc163af40f53ad6726ea14267f19320d0,0.41666666666666663,0.41666666666666663,3
connection/4/2,eb87eae703d22a7d7443c6423df48d6fd18695352f45d8982af273df9ef13fb6,0.45833333333333337,0.45833333333333337,replaced,ad6e74f8275e7b82771abda1ea8ef8cd7ba93de5a00570dc402bf4600000c65e,0.41666666666666663,0.41666666666666663,4
connection/3/2,2cf60f7c84c4790f93f624ebbdf87416677781e049d1ca0b1627766eadd08af6,0.45833333333333337,0.45833333333333337,lost_first_batch,17f660bc480f84f191884f2bc7f81acf9938ec2e501f0cade2d9a22095b73772,0.5,0.5,5
territory/3/1,8b26b382cd0f4700884db686f3718b95342c9ef740731db9632bd321b5e0586f,0.0,0.0,t1_invalid_draw_majority,17f660bc480f84f191884f2bc7f81acf9938ec2e501f0cade2d9a22095b73772,0.5,0.5,6
connection/4/2,b5449cd0ce50ef088fb1141922b5fde25c6e53f95d205df31a59f290d017553f,0.35416666666666663,0.35416666666666663,lost_first_batch,b461c5160c5ed04233dd29faf1100243fd2f73c0799f0650f2fcdae5d56e69cb,0.5,0.5,7
connection/3/2,cb5d862f4793bd2e9c96c5f7e97adb79b01a5e0a9466930b27c734cf24dac3b8,0.5,0.5,lost_first_batch,5b387b192e6d5dc5fb247d9bb915b66fd6f513dc1a6c6275fadc72099cca5380,0.47916666666666663,0.47916666666666663,8
connection/1/1,d8672edff2a47be5767a0c2fd104f02c75b0d09b3d358aca025d31936569e5b8,0.41666666666666663,0.41666666666666663,replaced,2a48b047cfedb14c800e37dd3964a081296674b8b37724016f86807037c2812e,0.5,0.5,9
territory/4/1,9f659cb94c9aa0ffdaf3d5d70a05a157dd52261f76195c9b91657a26bad72a3c,0.39583333333333337,0.39583333333333337,filled_empty_cell,b461c5160c5ed04233dd29faf1100243fd2f73c0799f0650f2fcdae5d56e69cb,0.5,0.5,10
elimination/0/0,2c1c9eaa93342469b191377c777565f0c7261aaa27a23ae91c54f345d8b5b5e8,0.0,0.0,t1_invalid_too_short,17f660bc480f84f191884f2bc7f81acf9938ec2e501f0cade2d9a22095b73772,0.5,0.5,11
territory/4/2,a539f5d66e6349eca31110e03c0b9215196dd5ae47274e4494b377cfb77c1954,0.02083333333333337,0.02083333333333337,t1_invalid_draw_majority,21e02e73648b3c47160f7b6a49e1bcbfc163af40f53ad6726ea14267f19320d0,0.41666666666666663,0.41666666666666663,12
threshold/4/1,612c4d0bc826940f95abc4eb07d33615e16937f84a24217af0ba571f5aa4e38c,0.29166666666666663,0.29166666666666663,guard_vetoed_reach,9f659cb94c9aa0ffdaf3d5d70a05a157dd52261f76195c9b91657a26bad72a3c,0.39583333333333337,0.39583333333333337,13
connection/4/4,8186e549eb5ee8d7fd9acf91f47b8ba675eb62047e1436ba267b9af4a37a04f8,0.125,0.125,t1_invalid_draw_majority,a60d4462eae61b5e57040207fb8cdff0ff16784e5053ce35cac6d69db75a8bee,0.25,0.25,14
territory/4/2,80d4063ed8208213eea0da1166abdcbc173377f67130e2a6def5507fe909b1ab,0.125,0.125,t1_invalid_draw_majority,3766623b13cfc5b55c9bc78de11aa288bff213391e18da1ceedabe4df0e6c97f,0.41666666666666663,0.41666666666666663,15
elimination/0/0,9608d73d68427fa371db7267f58aff369091710735bf4e8fb47a9137979c117d,0.0,0.0,t1_invalid_too_short,d8672edff2a47be5767a0c2fd104f02c75b0d09b3d358aca025d31936569e5b8,0.41666666666666663,0.41666666666666663,16
connection/3/3,1c95264a48f9bef2f2ebf3295ab17996dc397157c16eeeeb0fdabeb9ba45999a,0.45833333333333337,0.45833333333333337,guard_vetoed_tilt,a60d4462eae61b5e57040207fb8cdff0ff16784e5053ce35cac6d69db75a8bee,0.25,0.25,17
connection/4/0,e458be1894b79d7463916d214ef426f21326b7ff86b5414df4bed9ae4ff59da7,0.41666666666666663,0.41666666666666663,guard_vetoed_rush,b461c5160c5ed04233dd29faf1100243fd2f73c0799f0650f2fcdae5d56e69cb,0.5,0.5,18
connection/4/2,0aabfbcb7a51c42cc45e4b217f0fda8c7765d24df7b1a4039ab94475d89b68bf,0.33333333333333337,0.33333333333333337,lost_first_batch,3766623b13cfc5b55c9bc78de11aa288bff213391e18da1ceedabe4df0e6c97f,0.41666666666666663,0.41666666666666663,19
territory/4/1,af20a5d893042a1b54586b9b3402aac515da6134b7b33b29cd9b79c54b23d9a3,0.5,0.5,replaced,21e02e73648b3c47160f7b6a49e1bcbfc163af40f53ad6726ea14267f19320d0,0.41666666666666663,0.41666666666666663,20
threshold/3/1,3a883981e063ca1ab84ffd99de0dac6156c3744460fc5e6674c727b62bf21550,0.45833333333333337,0.45833333333333337,guard_vetoed_tilt,17f660bc480f84f191884f2bc7f81acf9938ec2e501f0cade2d9a22095b73772,0.5,0.5,21
connection/4/3,488ed77d70453241a7ade8c16322f52cf92ecbe4d1d4f1293e94820356f3cc39,0.27083333333333337,0.27083333333333337,guard_vetoed_tilt,a60d4462eae61b5e57040207fb8cdff0ff16784e5053ce35cac6d69db75a8bee,0.25,0.25,22
territory/4/1,9ca61812c52339cfd799b040111bb77c89a30887e0cf4cfd6e8df295e9e8cddb,0.45833333333333337,0.45833333333333337,lost_first_batch,af20a5d893042a1b54586b9b3402aac515da6134b7b33b29cd9b79c54b23d9a3,0.5,0.5,23
territory/4/4,f1ec88b9658eb63dccbf6513d4c4ea7b1116fffc710c7a9f9aca87db042c35ac,0.0625,0.0625,t1_invalid_draw_majority,3766623b13cfc5b55c9bc78de11aa288bff213391e18da1ceedabe4df0e6c97f,0.41666666666666663,0.41666666666666663,24
connection/2/2,e9a9c812461e166f1e65d1d2838c11de2fc763daa033917ed7f9e17828397f67,0.3125,0.3125,lost_first_batch,d8672edff2a47be5767a0c2fd104f02c75b0d09b3d358aca025d31936569e5b8,0.41666666666666663,0.41666666666666663,25
connection/4/3,d78fee90fc81d699d7046fa37f4cf612ad93fb676d9abd79f074922d54eebfc9,0.375,0.375,replaced,fd130af745a96a78b2196ab1acc51613f44703c821fd98768e074ebbc35982b0,0.5,0.5,26
connection/2/2,7b6d51fe7687359262e41c41a450dc76c9269d16d977715194883664ee1ca798,0.20833333333333337,0.20833333333333337,t1_invalid_draw_majority,866574be004e6346eab9248d64cc5a10198ef3bb913887feffe7380e1184de5e,0.29166666666666663,0.29166666666666663,27
connection/4/0,35688d3757909379b56823c2b1ee40159d2e7b9050446fefd267c4925d9e86df,0.20833333333333337,0.20833333333333337,guard_vetoed_rush,b461c5160c5ed04233dd29faf1100243fd2f73c0799f0650f2fcdae5d56e69cb,0.5,0.5,28
connection/0/0,c9b23c97bfe7f0eaea216016ec31d1312818a090376fbc3a1f1083cad5c32e1b,0.0,0.0,t1_invalid_draw_majority,2a48b047cfedb14c800e37dd3964a081296674b8b37724016f86807037c2812e,0.5,0.5,29
threshold/3/1,62eebdef98ffb5f53d09c896c6b8cfcd8ca41ffd93894d0243dc85f345e6869b,0.08333333333333337,0.08333333333333337,invalid_draw_majority,f6d9a822ddf2a52fcca714adb2e422aea31de052a0b96c574cfc60ce24667364,0.41666666666666663,0.41666666666666663,30
connection/3/2,20feeea50e3126e60f5f7e36489afb54edf7f90b58585e991892772c0e69a855,0.375,0.375,lost_first_batch,d78fee90fc81d699d7046fa37f4cf612ad93fb676d9abd79f074922d54eebfc9,0.375,0.375,31
territory/4/2,00fc33bcdd4a28bfed2047a4d56122d94abe217ac25f8e011acf912f53474eaa,0.1875,0.1875,t1_invalid_draw_majority,b461c5160c5ed04233dd29faf1100243fd2f73c0799f0650f2fcdae5d56e69cb,0.5,0.5,32
connection/1/3,594051c7ba8a8ba16c0492aa4a782146b96e7ae637b2979ee5fd405ab37930ec,0.22916666666666663,0.22916666666666663,filled_empty_cell,d8672edff2a47be5767a0c2fd104f02c75b0d09b3d358aca025d31936569e5b8,0.41666666666666663,0.41666666666666663,33
territory/4/0,a2cca7983c8f92e81ebcccf35416d8cab8cea30b36b40f89e20c3e8ad9e6d245,0.4375,0.4375,guard_vetoed_rush,7e9d7eb3a5e2394e45fee42b25295d367c9ff6c5763fe5399cd4cd1606351928,0.45833333333333337,0.45833333333333337,34
connection/0/0,f71802354f68a39950aec1b57fd48dd276edd3d9915c0179188e291e8551d913,0.0,0.0,t1_invalid_draw_majority,eb87eae703d22a7d7443c6423df48d6fd18695352f45d8982af273df9ef13fb6,0.45833333333333337,0.45833333333333337,35
connection/1/1,1d2b99e04c5a5db21e432959d4f508a60914e96a4b87ee2673e90e94202fcda5,0.45833333333333337,0.45833333333333337,guard_vetoed_tilt,2a48b047cfedb14c800e37dd3964a081296674b8b37724016f86807037c2812e,0.5,0.5,36
territory/4/2,63a32d0d29c7fb913ff9c9ee11961791bd04ef15c8e26313f12db48a7ed83c9c,0.3125,0.3125,filled_empty_cell,21e02e73648b3c47160f7b6a49e1bcbfc163af40f53ad6726ea14267f19320d0,0.41666666666666663,0.41666666666666663,37
territory/4/4,53eab0212bb459e4fa5e1c0861ae1985d38ec4f49b8049c3d26643ca6da45dae,0.35416666666666663,0.35416666666666663,lost_first_batch,f6d9a822ddf2a52fcca714adb2e422aea31de052a0b96c574cfc60ce24667364,0.41666666666666663,0.41666666666666663,38
connection/4/1,83fca163b88b903a9d9694804f76ff0991a7f8e89956c7517ee8357f63e50c9e,0.25,0.25,lost_first_batch,7e9d7eb3a5e2394e45fee42b25295d367c9ff6c5763fe5399cd4cd1606351928,0.45833333333333337,0.45833333333333337,39
connection/4/1,275f3903ccf54001434cf24677e1c74aec2f2864b1de122e08af01812ed4ccae,0.45833333333333337,0.45833333333333337,lost_first_batch,5b387b192e6d5dc5fb247d9bb915b66fd6f513dc1a6c6275fadc72099cca5380,0.47916666666666663,0.47916666666666663,40
territory/4/2,db19267ac6aeb9ac341e6303a34133411fe54f3cf0105335d760cc5722672a4a,0.45833333333333337,0.45833333333333337,replaced,63a32d0d29c7fb913ff9c9ee11961791bd04ef15c8e26313f12db48a7ed83c9c,0.3125,0.3125,41
elimination/0/0,f6bba54bdcee5822637708b0999cda214a4bc01c080cc0c96c3219c22cdcb070,0.0,0.0,t1_invalid_too_short,866574be004e6346eab9248d64cc5a10198ef3bb913887feffe7380e1184de5e,0.29166666666666663,0.29166666666666663,42
connection/3/1,b59950e712f00c4a50f5f43a4b19589ad4f5446b14b2dae1ab07c7075033dd2c,0.45833333333333337,0.45833333333333337,invalid_draw_majority,17f660bc480f84f191884f2bc7f81acf9938ec2e501f0cade2d9a22095b73772,0.5,0.5,43
connection/3/2,4cbf7f516b6fd0b768e1b59d6ee606ac04f826bd8d02c8b48ff8a31b52019ce8,0.27083333333333337,0.27083333333333337,lost_first_batch,2a48b047cfedb14c800e37dd3964a081296674b8b37724016f86807037c2812e,0.5,0.5,44
territory/3/3,85f2965c149865c71583984c3ba171d48f5677e4eeeaf57615628cefb4acae58,0.0,0.0,t1_invalid_draw_majority,3766623b13cfc5b55c9bc78de11aa288bff213391e18da1ceedabe4df0e6c97f,0.41666666666666663,0.41666666666666663,45
connection/2/1,969a45318a02a4a3e315717f7610916805778eb0b88e53ab11fdbfc1913bb7f7,0.375,0.375,lost_first_batch,5e7b8899abde1216f8bf8b34bb3b5281b1b85985e52f7f4e488599fce875c012,0.5,0.5,46
connection/3/1,99c09702718a5766304e4e71527e3686d460faad2cba8188043e699d2e1f6655,0.0625,0.0625,t1_invalid_draw_majority,866574be004e6346eab9248d64cc5a10198ef3bb913887feffe7380e1184de5e,0.29166666666666663,0.29166666666666663,47
territory/4/3,197a48e94993ba29fc41792af4be75dc3d7b4e9ba1e1a816f1ddc810f05c2df5,0.45833333333333337,0.45833333333333337,guard_vetoed_tilt,db19267ac6aeb9ac341e6303a34133411fe54f3cf0105335d760cc5722672a4a,0.45833333333333337,0.45833333333333337,48
elimination/0/0,b663379de6f1e3c990307dafb7d41e053c83de839ba41ce05459946abfdb2dec,0.0,0.0,t1_invalid_too_short,21e02e73648b3c47160f7b6a49e1bcbfc163af40f53ad6726ea14267f19320d0,0.41666666666666663,0.41666666666666663,49
elimination/0/0,bd58a10c38cde51959a59850c05eeba60b3ed45f85a2526f8f6278d7d0aa49b0,0.0,0.0,t1_invalid_too_short,2a48b047cfedb14c800e37dd3964a081296674b8b37724016f86807037c2812e,0.5,0.5,50
elimination/0/0,4afbc2a59096a9131a5df49fce384a7a8e3f2e2e014627be9761fa2aff6979a9,0.0,0.0,t1_invalid_too_short,eb87eae703d22a7d7443c6423df48d6fd18695352f45d8982af273df9ef13fb6,0.45833333333333337,0.45833333333333337,51
connection/4/1,0b632ee9355e676cf801d8cb62b6cb6e25114cf6a37c20d73f01ea1769e05028,0.33333333333333337,0.33333333333333337,lost_first_batch,b461c5160c5ed04233dd29faf1100243fd2f73c0799f0650f2fcdae5d56e69cb,0.5,0.5,52
territory/4/3,a6e6dfd9631cca79a4eb22a0e43ffaa62fffa97433015be13565547bbac9b34e,0.27083333333333337,0.27083333333333337,lost_first_batch,f6d9a822ddf2a52fcca714adb2e422aea31de052a0b96c574cfc60ce24667364,0.41666666666666663,0.41666666666666663,53
territory/4/3,6bc5c87a7ecad830ea55c8cb9cb4864228d5e6db689d82ce4901cd696da86b24,0.0,0.0,t1_invalid_draw_majority,f6d9a822ddf2a52fcca714adb2e422aea31de052a0b96c574cfc60ce24667364,0.41666666666666663,0.41666666666666663,54
connection/3/2,f0517feccedf748c232e5374de6930a48350529faf3049af3f7436918180772a,0.5,0.5,lost_first_batch,5b387b192e6d5dc5fb247d9bb915b66fd6f513dc1a6c6275fadc72099cca5380,0.47916666666666663,0.47916666666666663,55
territory/4/2,488b52ab3a5e24af840247e2b3d7c0e1794e2dd68b121afd237c27459ada7a78,0.41666666666666663,0.41666666666666663,lost_first_batch,db19267ac6aeb9ac341e6303a34133411fe54f3cf0105335d760cc5722672a4a,0.45833333333333337,0.45833333333333337,56
connection/4/2,c2c85d662db49f386fbbb748ee1b9b431454478272cebdde06f57fe777e1dab0,0.375,0.375,invalid_draw_majority,17f660bc480f84f191884f2bc7f81acf9938ec2e501f0cade2d9a22095b73772,0.5,0.5,57
connection/3/1,8add25d82dc2839457c907ec3c1d76a501ae406c06636bbfbe89f8205d3ee02c,0.0625,0.0625,t1_invalid_draw_majority,fd130af745a96a78b2196ab1acc51613f44703c821fd98768e074ebbc35982b0,0.5,0.5,58
elimination/0/0,af508a667eb9465a72316fa1f007db0a991f834f0099745da8e4b2a491c6a870,0.0,0.0,t1_invalid_too_short,21e02e73648b3c47160f7b6a49e1bcbfc163af40f53ad6726ea14267f19320d0,0.41666666666666663,0.41666666666666663,59
connection/0/0,b25e1d966fbd46e72e1b023decbc496e7d91d687879c2e8126e221413c5e3d5e,0.0,0.0,t1_invalid_draw_majority,594051c7ba8a8ba16c0492aa4a782146b96e7ae637b2979ee5fd405ab37930ec,0.22916666666666663,0.22916666666666663,60
territory/4/2,843c7a57a97505e4ed83c7c267dbe270ab21c137460d6d9738f28c848edf8338,0.45833333333333337,0.45833333333333337,lost_first_batch,af20a5d893042a1b54586b9b3402aac515da6134b7b33b29cd9b79c54b23d9a3,0.5,0.5,61
territory/2/1,51ca26def9637e4b176be1c9b4043d5756506bc9caa0c28b430441f010490d67,0.45833333333333337,0.45833333333333337,invalid_draw_majority,21e02e73648b3c47160f7b6a49e1bcbfc163af40f53ad6726ea14267f19320d0,0.41666666666666663,0.41666666666666663,62
elimination/0/0,c58ab7f6314f9acf9caf05d5b1f50400832eb33a89f584f44e315a21c87d184f,0.0,0.0,t1_invalid_too_short,f6d9a822ddf2a52fcca714adb2e422aea31de052a0b96c574cfc60ce24667364,0.41666666666666663,0.41666666666666663,63
connection/4/0,a900708178371f34eb6e576aa0f31dd173ebd8263a57b60f9d8bbf651b89e723,0.33333333333333337,0.33333333333333337,invalid_draw_majority,b461c5160c5ed04233dd29faf1100243fd2f73c0799f0650f2fcdae5d56e69cb,0.5,0.5,64
connection/3/1,8159b809463d588734567bacf92f8cf0ac33af428cf989f33dbb52dc930eb489,0.1875,0.1875,invalid_draw_majority,eb87eae703d22a7d7443c6423df48d6fd18695352f45d8982af273df9ef13fb6,0.45833333333333337,0.45833333333333337,65
connection/1/3,1f9026c766871bec99709a2eaea4205e75a3e95dda50d6a3591678cc0c3ce45f,0.0,-0.125,lost_first_batch,594051c7ba8a8ba16c0492aa4a782146b96e7ae637b2979ee5fd405ab37930ec,0.22916666666666663,0.22916666666666663,66
territory/4/3,39021438220d72f0bd71f0b6776f1db03f519a78eeb1512b0c2c37c30b8eb0c0,0.4375,0.4375,replaced,7e9d7eb3a5e2394e45fee42b25295d367c9ff6c5763fe5399cd4cd1606351928,0.45833333333333337,0.45833333333333337,67
territory/0/0,192c24663c2af4eecb702c989a26a5855c321a00371f73e8674c7f09a7ac0af3,0.0,0.0,t1_invalid_draw_majority,21e02e73648b3c47160f7b6a49e1bcbfc163af40f53ad6726ea14267f19320d0,0.41666666666666663,0.41666666666666663,68
connection/2/2,cdeb25c191aff1186188d73d0bd7223997bcbb026b2f28e6bbc5ffa28bc02e1e,0.02083333333333337,0.02083333333333337,t1_invalid_draw_majority,866574be004e6346eab9248d64cc5a10198ef3bb913887feffe7380e1184de5e,0.29166666666666663,0.29166666666666663,69
territory/3/0,3c808bffee73a38e757e0c7b06d841ee8a71bfdafce6ba11b1a91c6c636d123e,0.20833333333333337,0.20833333333333337,t1_invalid_draw_majority,af20a5d893042a1b54586b9b3402aac515da6134b7b33b29cd9b79c54b23d9a3,0.5,0.5,70
connection/3/2,0f399469cc21cc00ab4ca980e5619c67c71c1921b2f2448f94be0c3b809d8448,0.375,0.375,lost_first_batch,eb87eae703d22a7d7443c6423df48d6fd18695352f45d8982af273df9ef13fb6,0.45833333333333337,0.45833333333333337,71
territory/4/1,50d7b7ac898fd1612b52f933753d00fedc840cf344af9b67cc5cd68e8666e31d,0.5,0.5,lost_first_batch,db19267ac6aeb9ac341e6303a34133411fe54f3cf0105335d760cc5722672a4a,0.45833333333333337,0.45833333333333337,72
connection/4/3,3f52c76a630f0f06a17c8c40ca3f6e31aa454169985b8b21f8441d7f04cee033,0.16666666666666663,0.16666666666666663,t1_invalid_draw_majority,594051c7ba8a8ba16c0492aa4a782146b96e7ae637b2979ee5fd405ab37930ec,0.22916666666666663,0.22916666666666663,73
territory/3/1,d3cb855ab746f3bd6793919421c49a379f480293c300713a1c55b07091b27e0a,0.0,0.0,t1_invalid_draw_majority,f6d9a822ddf2a52fcca714adb2e422aea31de052a0b96c574cfc60ce24667364,0.41666666666666663,0.41666666666666663,74
elimination/0/0,b2b6917e7a3bd529601dfeedfa4f4860835ff3135a0ef93aad3a48f7c1265030,0.0,0.0,t1_invalid_too_short,5b387b192e6d5dc5fb247d9bb915b66fd6f513dc1a6c6275fadc72099cca5380,0.47916666666666663,0.47916666666666663,75
connection/3/1,2e656c09bf14b1a6622dd10983abaa142cb6ed907a4108501606dc34f0dee50a,0.125,0.125,lost_first_batch,5e7b8899abde1216f8bf8b34bb3b5281b1b85985e52f7f4e488599fce875c012,0.5,0.5,76
connection/4/1,a06f889a106d02cfb5a925b9b1f51b7e3febd5ebd8ac806769d5505e606ee8bb,0.3125,0.3125,lost_first_batch,b461c5160c5ed04233dd29faf1100243fd2f73c0799f0650f2fcdae5d56e69cb,0.5,0.5,77
connection/4/2,e974ace2bf6c4b5669d7ad2c7a598c3395721fa44b865512c03810a9f47a9ba4,0.45833333333333337,0.45833333333333337,lost_first_batch,eb87eae703d22a7d7443c6423df48d6fd18695352f45d8982af273df9ef13fb6,0.45833333333333337,0.45833333333333337,78
territory/3/2,60be24e4f0069e674256d9ef5a5b8ccdc129c0c92dbf7ce46c94c1d213f5f364,0.47916666666666663,0.47916666666666663,replaced,7e9d7eb3a5e2394e45fee42b25295d367c9ff6c5763fe5399cd4cd1606351928,0.45833333333333337,0.45833333333333337,79
connection/2/2,ece23453f7b33bac329a589648f27fed732de3a30bd81e38663e923f26197268,0.47916666666666663,0.47916666666666663,lost_first_batch,5b387b192e6d5dc5fb247d9bb915b66fd6f513dc1a6c6275fadc72099cca5380,0.47916666666666663,0.47916666666666663,80
connection/0/0,9b75ad770b5f8ddff3e2504e4d8ccf77cf54ccf355fb9e53452be0b9b8c63b33,0.0,0.0,t1_invalid_draw_majority,d8672edff2a47be5767a0c2fd104f02c75b0d09b3d358aca025d31936569e5b8,0.41666666666666663,0.41666666666666663,81
threshold/2/1,4284e69248d391c1d32f9d5d57ff3442894bfdddb9028ad436628b922cca321b,0.0,-0.125,guard_vetoed_tilt,f6d9a822ddf2a52fcca714adb2e422aea31de052a0b96c574cfc60ce24667364,0.41666666666666663,0.41666666666666663,82
territory/4/0,d33039283664af6c1e5882321e32e0a2a81e5d69047aaa6b2c691e843d07179e,0.45833333333333337,0.45833333333333337,filled_empty_cell,af20a5d893042a1b54586b9b3402aac515da6134b7b33b29cd9b79c54b23d9a3,0.5,0.5,83
territory/4/2,73f24fff3d1472c21bec22f2e029934368d8565a69f584626d177daebfb88f4f,0.45833333333333337,0.45833333333333337,lost_first_batch,60be24e4f0069e674256d9ef5a5b8ccdc129c0c92dbf7ce46c94c1d213f5f364,0.47916666666666663,0.47916666666666663,84
elimination/0/0,ed0df12c8798cfc700e147fcaa301e5793f4970074d9015e2c146b5d6f7522ea,0.0,0.0,t1_invalid_too_short,866574be004e6346eab9248d64cc5a10198ef3bb913887feffe7380e1184de5e,0.29166666666666663,0.29166666666666663,85
connection/4/2,dd8f2e175fef300a4d7ce5e410dda2446e0ed066c444e8313d911d8eff5b877e,0.25,0.25,lost_first_batch,b461c5160c5ed04233dd29faf1100243fd2f73c0799f0650f2fcdae5d56e69cb,0.5,0.5,86
connection/3/3,a1c6488c8759b3afdb123d16daf2455a64c279a40a7ed3e45e99e27e1bd3e611,0.16666666666666663,0.16666666666666663,lost_first_batch,866574be004e6346eab9248d64cc5a10198ef3bb913887feffe7380e1184de5e,0.29166666666666663,0.29166666666666663,87
connection/4/1,e09eeadaa710e711e758cb07de17dcd6306f1d5cfa10271f999fa248c2e1ce7a,0.45833333333333337,0.45833333333333337,lost_first_batch,17f660bc480f84f191884f2bc7f81acf9938ec2e501f0cade2d9a22095b73772,0.5,0.5,88
connection/4/1,82248a48eeaa6fe6ca65d01539bdef2802db5d61e458d767612795081354bc3f,0.45833333333333337,0.45833333333333337,lost_first_batch,5e7b8899abde1216f8bf8b34bb3b5281b1b85985e52f7f4e488599fce875c012,0.5,0.5,89
territory/3/2,1ca2ae6bfdf3bfa4866d3ccd4573cd07ca0f33dc9c9e970f6e3243002c14f08b,0.08333333333333337,0.08333333333333337,lost_first_batch,866574be004e6346eab9248d64cc5a10198ef3bb913887feffe7380e1184de5e,0.29166666666666663,0.29166666666666663,90
elimination/0/0,4ad9af1a42c0617e2bc9c0e3ac4e9f93bb2fe88ea82b45583a5a773af8f21e33,0.0,0.0,t1_invalid_too_short,fd130af745a96a78b2196ab1acc51613f44703c821fd98768e074ebbc35982b0,0.5,0.5,91
connection/4/2,8ae689fa1be9ead3e5307516cb33da00b25e4401bfbe9407cd074dc0279a2773,0.0,0.0,t1_invalid_draw_majority,d8672edff2a47be5767a0c2fd104f02c75b0d09b3d358aca025d31936569e5b8,0.41666666666666663,0.41666666666666663,92
territory/4/1,d5f61bd1c7db8e14094746609f09ba81a951ca9948f56143c5ca9500a3ef64e3,0.45833333333333337,0.45833333333333337,lost_first_batch,db19267ac6aeb9ac341e6303a34133411fe54f3cf0105335d760cc5722672a4a,0.45833333333333337,0.45833333333333337,93
elimination/0/0,d88030178954400d9ddcc0f22aff60f581c8e2570506312ea77c448b736f75ce,0.0,0.0,t1_invalid_too_short,60be24e4f0069e674256d9ef5a5b8ccdc129c0c92dbf7ce46c94c1d213f5f364,0.47916666666666663,0.47916666666666663,94
territory/1/1,ed909cc3d652e94fe23141702398d7f26d339ea66c7e7a2d5251bba43a89cad9,0.0625,0.0625,t1_invalid_draw_majority,594051c7ba8a8ba16c0492aa4a782146b96e7ae637b2979ee5fd405ab37930ec,0.22916666666666663,0.22916666666666663,95
connection/3/2,c5ad6cabcfa584a71133606cfd4e269d7606aaa0f54b8c65e5056be1991029ea,0.27083333333333337,0.27083333333333337,lost_first_batch,866574be004e6346eab9248d64cc5a10198ef3bb913887feffe7380e1184de5e,0.29166666666666663,0.29166666666666663,96
territory/3/2,30d8d7e84de40d6e7dd41acc588aed28fa3b4da2ea69ff777f37354c7110e446,0.04166666666666663,0.04166666666666663,lost_first_batch,21e02e73648b3c47160f7b6a49e1bcbfc163af40f53ad6726ea14267f19320d0,0.41666666666666663,0.41666666666666663,97
territory/4/3,e4c767495a84ee16010a7e74eff43d70e357862a09efbc830b7bb48971b47edf,0.375,0.375,lost_first_batch,d78fee90fc81d699d7046fa37f4cf612ad93fb676d9abd79f074922d54eebfc9,0.375,0.375,98
connection/4/3,15c3097c5bc843ac37afd375fec7f7d12bf0adeba5b678f885864719887a1b5a,0.1875,0.1875,t1_invalid_draw_majority,5e7b8899abde1216f8bf8b34bb3b5281b1b85985e52f7f4e488599fce875c012,0.5,0.5,99
connection/4/2,8fb1f90b1c00f2545f53f549a9454f4c5529a6c77f20a6c280dac713c0ded2af,0.29166666666666663,0.29166666666666663,lost_first_batch,17f660bc480f84f191884f2bc7f81acf9938ec2e501f0cade2d9a22095b73772,0.5,0.5,100
territory/3/1,72ec84fd2ad3d69876b718b77ffdf3ef1c20e91916aa383108712de1c294a0c9,0.375,0.375,lost_first_batch,d33039283664af6c1e5882321e32e0a2a81e5d69047aaa6b2c691e843d07179e,0.45833333333333337,0.45833333333333337,101
connection/3/2,d494795c97e512984256a169a705ecbf1f7bc8d779fa31f7ec526c6fee856d9a,0.45833333333333337,0.45833333333333337,lost_first_batch,eb87eae703d22a7d7443c6423df48d6fd18695352f45d8982af273df9ef13fb6,0.45833333333333337,0.45833333333333337,102
territory/1/2,9dad7bc84050b4d81feef8c1a75733847d4e0084ed03105c3880cb2ba96789de,0.41666666666666663,0.41666666666666663,guard_vetoed_tilt,d8672edff2a47be5767a0c2fd104f02c75b0d09b3d358aca025d31936569e5b8,0.41666666666666663,0.41666666666666663,103
territory/4/1,bb386cb42fe5dd41fbf9c1722d61810c6226958a75ad9ca524fc25badab18d4a,0.5,0.5,lost_first_batch,af20a5d893042a1b54586b9b3402aac515da6134b7b33b29cd9b79c54b23d9a3,0.5,0.5,104
elimination/0/0,bfe752c70f584ed2671fce65dd266315216e1c53e3b063a1c7d206bfbc5ed53a,0.0,0.0,t1_invalid_too_short,5e7b8899abde1216f8bf8b34bb3b5281b1b85985e52f7f4e488599fce875c012,0.5,0.5,105
connection/1/1,0731a7625c276d67c48017f1996f2510973eac02f5127e3a94234b982cc24387,0.47916666666666663,0.47916666666666663,replaced,d8672edff2a47be5767a0c2fd104f02c75b0d09b3d358aca025d31936569e5b8,0.41666666666666663,0.41666666666666663,106
territory/4/0,627eb70b77ed524d45ab6f864be92a1ec7e7189246852e6f05c17923f51b0cd5,0.5,0.5,replaced,d33039283664af6c1e5882321e32e0a2a81e5d69047aaa6b2c691e843d07179e,0.45833333333333337,0.45833333333333337,107
territory/4/3,b12f92ae38f988099181e5341b0a02725b38e44dccf4d3e62c5039052429883e,0.45833333333333337,0.45833333333333337,invalid_draw_majority,39021438220d72f0bd71f0b6776f1db03f519a78eeb1512b0c2c37c30b8eb0c0,0.4375,0.4375,108
elimination/0/0,594b7266ae34bc4aedda6c0c110849a7a514f08f6e5ec1fff2f9be8ae3a0289a,0.0,0.0,t1_invalid_too_short,2a48b047cfedb14c800e37dd3964a081296674b8b37724016f86807037c2812e,0.5,0.5,109
connection/3/1,bd6aac9c8bc106a6d50cce55fcd5529297e43b66b8eb28ff2a98c4ac37452d62,0.41666666666666663,0.41666666666666663,lost_first_batch,5e7b8899abde1216f8bf8b34bb3b5281b1b85985e52f7f4e488599fce875c012,0.5,0.5,110
elimination/0/0,a5ce8fef5fdf166b56edff3a4c3eee2439ec52cee12741d99e08ddd939611b43,0.0,0.0,t1_invalid_too_short,17f660bc480f84f191884f2bc7f81acf9938ec2e501f0cade2d9a22095b73772,0.5,0.5,111
connection/4/2,25c6a6cd8f79ec328d803656cf3bdb7518220be68c8055926de8020c24b7d89b,0.4375,0.4375,lost_first_batch,eb87eae703d22a7d7443c6423df48d6fd18695352f45d8982af273df9ef13fb6,0.45833333333333337,0.45833333333333337,112
territory/3/2,e3a74c9aa1d31182f846bd1e9398b2b2ac63b4e6c80b5f1810c5f701a2bf97eb,0.45833333333333337,0.45833333333333337,lost_first_batch,60be24e4f0069e674256d9ef5a5b8ccdc129c0c92dbf7ce46c94c1d213f5f364,0.47916666666666663,0.47916666666666663,113
territory/3/2,8476d554ea4ab70d59a85090fb78276c90cf7b3f3bf462fc1688a64fc13e040f,0.45833333333333337,0.45833333333333337,lost_first_batch,39021438220d72f0bd71f0b6776f1db03f519a78eeb1512b0c2c37c30b8eb0c0,0.4375,0.4375,114
territory/1/1,21d5ffa5abe427d60e76e9b7892f6485d4ffad3dfc875f2b253cf8ba63395c1b,0.41666666666666663,0.41666666666666663,filled_empty_cell,60be24e4f0069e674256d9ef5a5b8ccdc129c0c92dbf7ce46c94c1d213f5f364,0.47916666666666663,0.47916666666666663,115
territory/1/2,6a3c1e6bcfe7691c4163276a9ad51f1ffd600f9fbe5ed685a7d159d09f6bc078,0.04166666666666663,0.04166666666666663,t1_invalid_draw_majority,2a48b047cfedb14c800e37dd3964a081296674b8b37724016f86807037c2812e,0.5,0.5,116
threshold/4/2,eccc2f037b21746db59586a7a2cf63e002c8721307f689bcb0f7cae565160e3f,0.3125,0.3125,guard_vetoed_tilt,b461c5160c5ed04233dd29faf1100243fd2f73c0799f0650f2fcdae5d56e69cb,0.5,0.5,117
connection/1/0,8d42fe94352f4830e65759adba62c3f7803d0a89cfb138e40e4405c5c247d439,0.04166666666666663,0.04166666666666663,t1_invalid_draw_majority,5b387b192e6d5dc5fb247d9bb915b66fd6f513dc1a6c6275fadc72099cca5380,0.47916666666666663,0.47916666666666663,118
territory/4/1,cf082c122979e9b09acff562db730f20bf646e1fc483c6ab48d97553f96191b3,0.04166666666666663,0.04166666666666663,t1_invalid_draw_majority,39021438220d72f0bd71f0b6776f1db03f519a78eeb1512b0c2c37c30b8eb0c0,0.4375,0.4375,119
connection/4/2,363b5bdc4fe96ee70efa11932008cb922d1391a691dabdacfa565e355970ec58,0.29166666666666663,0.29166666666666663,lost_first_batch,eb87eae703d22a7d7443c6423df48d6fd18695352f45d8982af273df9ef13fb6,0.45833333333333337,0.45833333333333337,120
territory/1/1,afb8c4d3bd2c775e665fd1f9e969e76b10b848742e429cf5f76693fab6c4af85,0.41666666666666663,0.41666666666666663,lost_first_batch,21d5ffa5abe427d60e76e9b7892f6485d4ffad3dfc875f2b253cf8ba63395c1b,0.41666666666666663,0.41666666666666663,121
territory/4/1,34f6994f68bc73a8036e07d51b19e5846d55af70e1d9ce7dee52812678b906a2,0.25,0.25,lost_first_batch,21d5ffa5abe427d60e76e9b7892f6485d4ffad3dfc875f2b253cf8ba63395c1b,0.41666666666666663,0.41666666666666663,122
connection/1/1,585b46e61118e553e7bf75ceeb829fbc2bd64015417007157e553160cbabfd83,0.4375,0.4375,lost_first_batch,2a48b047cfedb14c800e37dd3964a081296674b8b37724016f86807037c2812e,0.5,0.5,123
territory/3/0,6f0b2c1b15c0ec393ed58af87da6c9de8b1a73ead4ea503af11e5cf8a7bdadfd,0.5,0.5,filled_empty_cell,627eb70b77ed524d45ab6f864be92a1ec7e7189246852e6f05c17923f51b0cd5,0.5,0.5,124
territory/4/1,b878ed3456da19920a04e7c443077589769b9fd81ca5ec12f57f1fcf45e43218,0.29166666666666663,0.29166666666666663,lost_first_batch,21d5ffa5abe427d60e76e9b7892f6485d4ffad3dfc875f2b253cf8ba63395c1b,0.41666666666666663,0.41666666666666663,125
connection/4/1,3e296ea67f4cfd8cb3d3a0470b6ac78c483079e342f03c443a3592c6ad94aabb,0.41666666666666663,0.41666666666666663,lost_first_batch,b461c5160c5ed04233dd29faf1100243fd2f73c0799f0650f2fcdae5d56e69cb,0.5,0.5,126
elimination/0/0,7a9dc8984f4751ae86aa1d357c59d9b3bc03f3509f83899b28f8189af40ef909,0.0,0.0,t1_invalid_too_short,5e7b8899abde1216f8bf8b34bb3b5281b1b85985e52f7f4e488599fce875c012,0.5,0.5,127
territory/1/0,1ef11300b5507dab237ccb0a6578f2c74fd76fdc5a7f0d3af2b709aa354ffc60,0.0,0.0,t1_invalid_draw_majority,5b387b192e6d5dc5fb247d9bb915b66fd6f513dc1a6c6275fadc72099cca5380,0.47916666666666663,0.47916666666666663,128
territory/4/0,d8551664549d2bb4d5ef665e7d7bebb5911d18e2835b168a756f99162f1e24fe,0.5,0.5,lost_first_batch,627eb70b77ed524d45ab6f864be92a1ec7e7189246852e6f05c17923f51b0cd5,0.5,0.5,129
connection/1/0,5245c888177946b68fd00f67fe626ae7ed689a165020c156dd16e717773154f9,0.14583333333333337,0.14583333333333337,t1_invalid_draw_majority,5b387b192e6d5dc5fb247d9bb915b66fd6f513dc1a6c6275fadc72099cca5380,0.47916666666666663,0.47916666666666663,130
connection/3/0,c8041cc3f60393a4652a7069e78df6fc525188482cd05a588fec26c94ce4181c,0.33333333333333337,0.33333333333333337,filled_empty_cell,db19267ac6aeb9ac341e6303a34133411fe54f3cf0105335d760cc5722672a4a,0.45833333333333337,0.45833333333333337,131
connection/1/1,051a0c76423e9645af0b2c0c3b3e3dcbf85e47d80d4c866cafbf22b5c8ffd331,0.47916666666666663,0.47916666666666663,lost_first_batch,0731a7625c276d67c48017f1996f2510973eac02f5127e3a94234b982cc24387,0.47916666666666663,0.47916666666666663,132
territory/4/3,394db15b109fb8f4ee62bdd57530eca9826c14ed77e2e8a36878c430d77c06f9,0.375,0.375,lost_first_batch,f6d9a822ddf2a52fcca714adb2e422aea31de052a0b96c574cfc60ce24667364,0.41666666666666663,0.41666666666666663,133
territory/4/3,0bd295d0d33cb997fbf1cb24fbf561e6df00a05ac5b6df8876c91fe314cf1b6f,0.0,0.0,invalid_draw_majority,f6d9a822ddf2a52fcca714adb2e422aea31de052a0b96c574cfc60ce24667364,0.41666666666666663,0.41666666666666663,134
connection/3/2,85fdb1fc4d0dd78e680fc8bcd91a51e3b61378397f0812262b1fcbd4b7141fc3,0.375,0.375,lost_first_batch,5e7b8899abde1216f8bf8b34bb3b5281b1b85985e52f7f4e488599fce875c012,0.5,0.5,135
elimination/0/0,12b91bb447f5fb6d28d9b5625a10c060758a6a814ff8558ea5df2980ed620f07,0.0,0.0,t1_invalid_too_short,627eb70b77ed524d45ab6f864be92a1ec7e7189246852e6f05c17923f51b0cd5,0.5,0.5,136
territory/1/0,dd9ce8990bd4745ad61366f90474d3316c3ed792b479fadf464d95d9f4e36897,0.0,0.0,t1_invalid_draw_majority,21d5ffa5abe427d60e76e9b7892f6485d4ffad3dfc875f2b253cf8ba63395c1b,0.41666666666666663,0.41666666666666663,137
connection/0/1,efda723506b876c6da295c8ae553fd93cbed5fac9d2ce5706a9e4ff0a28dba51,0.0,-0.020833333333333315,t1_invalid_draw_majority,594051c7ba8a8ba16c0492aa4a782146b96e7ae637b2979ee5fd405ab37930ec,0.22916666666666663,0.22916666666666663,138
territory/1/1,cb361d9cd7b9a76b918ab0873336ef00f29d9d3fb6fc975d5d6b15f16869acc4,0.5,0.5,guard_vetoed_tilt,21e02e73648b3c47160f7b6a49e1bcbfc163af40f53ad6726ea14267f19320d0,0.41666666666666663,0.41666666666666663,139
connection/3/1,076eab0d830f1fbc15e56974c5da7b361ffd96924629fef3dd5d48ef4b1804ae,0.0,0.0,t1_invalid_draw_majority,fd130af745a96a78b2196ab1acc51613f44703c821fd98768e074ebbc35982b0,0.5,0.5,140
connection/3/2,3c70834c6dedad4e0553fd7a4cf43f5863da699bf5a3b5c026582babee92c655,0.3125,0.3125,lost_first_batch,866574be004e6346eab9248d64cc5a10198ef3bb913887feffe7380e1184de5e,0.29166666666666663,0.29166666666666663,141
threshold/4/1,ef9eccc72470ae910d5e99ce02d052348aeef0e0e11bf66d4c7ee5c85bfc9db2,0.0,-0.020833333333333315,t1_invalid_draw_majority,b461c5160c5ed04233dd29faf1100243fd2f73c0799f0650f2fcdae5d56e69cb,0.5,0.5,142
territory/3/0,de9574775029e7fde3da1beca123d1410b780b26e714df03e0d25db9336f7ac8,0.375,0.375,lost_first_batch,6f0b2c1b15c0ec393ed58af87da6c9de8b1a73ead4ea503af11e5cf8a7bdadfd,0.5,0.5,143
connection/3/0,4682ed81b4d5aa44ba4d0ca10c4b46aec05fc89a1b1f1fab69d4a6fad445bf87,0.29166666666666663,0.29166666666666663,lost_first_batch,c8041cc3f60393a4652a7069e78df6fc525188482cd05a588fec26c94ce4181c,0.33333333333333337,0.33333333333333337,144
territory/4/2,68aa32b3941a2673229c53e18b33ae69b8c89e0530303e4a8290751991b3a9ce,0.16666666666666663,0.16666666666666663,t1_invalid_draw_majority,db19267ac6aeb9ac341e6303a34133411fe54f3cf0105335d760cc5722672a4a,0.45833333333333337,0.45833333333333337,145
connection/2/2,48f0dc769dd0f85f8b4cd5200fd54a630573fbaac010511d5b7e0adae9f3a8b1,0.47916666666666663,0.47916666666666663,lost_first_batch,5e7b8899abde1216f8bf8b34bb3b5281b1b85985e52f7f4e488599fce875c012,0.5,0.5,146
territory/3/1,c8a6d93f980a448f787c492a9255358342b4e96076676d7eeaaf67b1ed5dad91,0.35416666666666663,0.35416666666666663,lost_first_batch,21e02e73648b3c47160f7b6a49e1bcbfc163af40f53ad6726ea14267f19320d0,0.41666666666666663,0.41666666666666663,147
connection/4/2,98bcfa89f5fd579b0be047e44e6b704601e279f768b7b3cc9526565d2a8af917,0.33333333333333337,0.33333333333333337,lost_first_batch,eb87eae703d22a7d7443c6423df48d6fd18695352f45d8982af273df9ef13fb6,0.45833333333333337,0.45833333333333337,148
territory/3/1,d789211348a878279cbd5e457f57bb9022aadd09969f29eeefacd59c12b62b49,0.41666666666666663,0.41666666666666663,lost_first_batch,21e02e73648b3c47160f7b6a49e1bcbfc163af40f53ad6726ea14267f19320d0,0.41666666666666663,0.41666666666666663,149
connection/0/0,875a64b17d8f741584d5c36ae0f3039e2bed7bbf0535000f45e441b4917d1077,0.0,0.0,t1_invalid_draw_majority,594051c7ba8a8ba16c0492aa4a782146b96e7ae637b2979ee5fd405ab37930ec,0.22916666666666663,0.22916666666666663,150
connection/2/1,72844bff06969ce079108489a9c4bf51c288302998e274b9b90ae64d226cc719,0.5,0.5,lost_first_batch,5e7b8899abde1216f8bf8b34bb3b5281b1b85985e52f7f4e488599fce875c012,0.5,0.5,151
connection/0/1,8f1f95ef38f6206b004e7eb5d24125bc4dbb076849f27c4b23b1184c4ea44120,0.47916666666666663,0.47916666666666663,filled_empty_cell,2a48b047cfedb14c800e37dd3964a081296674b8b37724016f86807037c2812e,0.5,0.5,152
connection/3/1,5ba4bdae08d6c10e5abe22e25344e79c125574427c1a22279ad051090531f5a9,0.33333333333333337,0.33333333333333337,lost_first_batch,c8041cc3f60393a4652a7069e78df6fc525188482cd05a588fec26c94ce4181c,0.33333333333333337,0.33333333333333337,153
threshold/0/0,bdbd587e6ed9197dfd128efe8005c525054aaa0548f114e098590684b36c82da,0.0,0.0,t1_invalid_draw_majority,d78fee90fc81d699d7046fa37f4cf612ad93fb676d9abd79f074922d54eebfc9,0.375,0.375,154
connection/0/0,30b3594e120573bed59481f59fa602481004d1be5e89ddba29acb1414ee5afb9,0.0,0.0,t1_invalid_draw_majority,d78fee90fc81d699d7046fa37f4cf612ad93fb676d9abd79f074922d54eebfc9,0.375,0.375,155
connection/4/1,853be07912b1901df650098e451c2b40ae4ab239a7c8e49293193692163b531a,0.33333333333333337,0.33333333333333337,lost_first_batch,b461c5160c5ed04233dd29faf1100243fd2f73c0799f0650f2fcdae5d56e69cb,0.5,0.5,156
territory/0/0,180b9b65b7a8882f1a49ea5358bd7e00f0c8ca69f5aed5a229ae55b81f32f15b,0.0,0.0,t1_invalid_draw_majority,f6d9a822ddf2a52fcca714adb2e422aea31de052a0b96c574cfc60ce24667364,0.41666666666666663,0.41666666666666663,157
territory/4/3,e9cd8e98d3d73b97cc242c538499fd1ee2ea3d41666253006fa4eb35b5813b05,0.3125,0.3125,lost_first_batch,39021438220d72f0bd71f0b6776f1db03f519a78eeb1512b0c2c37c30b8eb0c0,0.4375,0.4375,158
territory/4/1,244f1dc839beee7a5ab42c71a2d5225cefed8a03e70bd88ffcf7b095ab643c0e,0.41666666666666663,0.41666666666666663,lost_first_batch,af20a5d893042a1b54586b9b3402aac515da6134b7b33b29cd9b79c54b23d9a3,0.5,0.5,159
territory/4/2,7b011d1c9a73d39623936d19ff12af8ba18228a55b2cc1c51c34074ca48c9506,0.41666666666666663,0.41666666666666663,lost_first_batch,39021438220d72f0bd71f0b6776f1db03f519a78eeb1512b0c2c37c30b8eb0c0,0.4375,0.4375,160
connection/1/3,127f499379fc256102f5235c39c822055231f3cb1e9cf2ad72e1651ea3cb1389,0.0,-0.020833333333333315,lost_first_batch,594051c7ba8a8ba16c0492aa4a782146b96e7ae637b2979ee5fd405ab37930ec,0.22916666666666663,0.22916666666666663,161
connection/1/1,f304e4efbd63c66b17afaf42c78a139f32ced9a9c270a3d391b339193107054b,0.5,0.5,replaced,866574be004e6346eab9248d64cc5a10198ef3bb913887feffe7380e1184de5e,0.29166666666666663,0.29166666666666663,162
territory/1/0,d5b07cefa44ab7bb436e60e4d88c419d3fd825e7ef7408402384e7e3f9c6ba70,0.02083333333333337,0.02083333333333337,t1_invalid_draw_majority,21e02e73648b3c47160f7b6a49e1bcbfc163af40f53ad6726ea14267f19320d0,0.41666666666666663,0.41666666666666663,163
connection/4/1,eed953c4916055f723a999f6750ea9ecdeb9db17ceb4247557909edc6dfdbc9c,0.4375,0.4375,lost_first_batch,eb87eae703d22a7d7443c6423df48d6fd18695352f45d8982af273df9ef13fb6,0.45833333333333337,0.45833333333333337,164
connection/4/1,a7cc10e12e61c9623f2671afd9a2099d2210226175b28e623c7630ccb2390c17,0.20833333333333337,0.20833333333333337,t1_invalid_draw_majority,2a48b047cfedb14c800e37dd3964a081296674b8b37724016f86807037c2812e,0.5,0.5,165
threshold/1/0,73f8134c4df9f2f495a7700923346a615baa9306f24010eb0f29f7dd165a0f3f,0.375,0.375,invalid_draw_majority,5e7b8899abde1216f8bf8b34bb3b5281b1b85985e52f7f4e488599fce875c012,0.5,0.5,166
elimination/0/0,e70ef57c7b2d97fdcb05f9dc62f1428c3a6a04b67da4cc2b43ea162a68d0a4ef,0.0,0.0,t1_invalid_too_short,60be24e4f0069e674256d9ef5a5b8ccdc129c0c92dbf7ce46c94c1d213f5f364,0.47916666666666663,0.47916666666666663,167
territory/4/3,4652c898905fadf223799d44e5c6aa7d401d0ddf2654a8d395260f6a3800b892,0.0,0.0,lost_first_batch,f6d9a822ddf2a52fcca714adb2e422aea31de052a0b96c574cfc60ce24667364,0.41666666666666663,0.41666666666666663,168
territory/4/2,aeab286aba2bb64aaa5ea1afa337366d032c59f6cb3af5321567f875f78af49c,0.45833333333333337,0.45833333333333337,lost_first_batch,db19267ac6aeb9ac341e6303a34133411fe54f3cf0105335d760cc5722672a4a,0.45833333333333337,0.45833333333333337,169
territory/4/2,1d9377f6c852325d07fcc56cf01059768d4398b1d4296d7d19d1445afcc983ef,0.20833333333333337,0.20833333333333337,lost_first_batch,c8041cc3f60393a4652a7069e78df6fc525188482cd05a588fec26c94ce4181c,0.33333333333333337,0.33333333333333337,170
territory/3/2,46ad767803a1d70880d68e3fc135d8ab3e8589369249547b86e5a9a532430efc,0.0,0.0,lost_first_batch,17f660bc480f84f191884f2bc7f81acf9938ec2e501f0cade2d9a22095b73772,0.5,0.5,171
connection/1/0,499b860d04071a9844996dd29b7c01102810166fae9bb3e71a3a31f6f0c5118d,0.41666666666666663,0.41666666666666663,invalid_draw_majority,5e7b8899abde1216f8bf8b34bb3b5281b1b85985e52f7f4e488599fce875c012,0.5,0.5,172
threshold/4/2,62ee523a808ea98223be45497acc8db2e57516a5701fb3e8c35bd7d746f2cf94,0.29166666666666663,0.29166666666666663,guard_vetoed_tilt,17f660bc480f84f191884f2bc7f81acf9938ec2e501f0cade2d9a22095b73772,0.5,0.5,173
territory/4/3,7ddd3a14ee07513b901dd1ffbfb9d9b6bd5cfe0295721660ded7988f7d5b4329,0.16666666666666663,0.16666666666666663,t1_invalid_draw_majority,f6d9a822ddf2a52fcca714adb2e422aea31de052a0b96c574cfc60ce24667364,0.41666666666666663,0.41666666666666663,174
connection/1/3,220dc47980520fa1c00d2cdeaf477e8b6db2fd2bb871126c2554e74b6c2f6f70,0.16666666666666663,0.16666666666666663,lost_first_batch,8f1f95ef38f6206b004e7eb5d24125bc4dbb076849f27c4b23b1184c4ea44120,0.47916666666666663,0.47916666666666663,175
territory/4/1,aa1e6ca1c7a870ee1ca430701c5cd1cbbc536b0c8060fbc438e22b73b47e98b1,0.5,0.5,lost_first_batch,db19267ac6aeb9ac341e6303a34133411fe54f3cf0105335d760cc5722672a4a,0.45833333333333337,0.45833333333333337,176
territory/4/1,64b9f4becb09fad1ffa0a2948f353fc4e6e4a346c10158fa31db8ac7607db28f,0.5,0.5,lost_first_batch,db19267ac6aeb9ac341e6303a34133411fe54f3cf0105335d760cc5722672a4a,0.45833333333333337,0.45833333333333337,177
connection/2/2,9fb26e7b5ddedfc4324db78163e72a82eed56e47cb730b9b82ea7c2885f785ec,0.5,0.5,replaced,fd130af745a96a78b2196ab1acc51613f44703c821fd98768e074ebbc35982b0,0.5,0.5,178
connection/3/3,9a8805abe655051bf13f0b8f2ce1235b404f738e3c649b12be155714f0dc3baa,0.27083333333333337,0.27083333333333337,lost_first_batch,866574be004e6346eab9248d64cc5a10198ef3bb913887feffe7380e1184de5e,0.29166666666666663,0.29166666666666663,179
connection/2/3,26725d0742b6a7eb9a9e7f86888c7b407b586ba70d551126c6606af9e75f0a30,0.29166666666666663,0.29166666666666663,filled_empty_cell,9fb26e7b5ddedfc4324db78163e72a82eed56e47cb730b9b82ea7c2885f785ec,0.5,0.5,180
connection/3/0,b07e1bf1242860505fa3c6d5173764ff0135a3b0dea213db8d6abff882edea9d,0.45833333333333337,0.45833333333333337,invalid_draw_majority,c8041cc3f60393a4652a7069e78df6fc525188482cd05a588fec26c94ce4181c,0.33333333333333337,0.33333333333333337,181
territory/3/1,91f81c072bf996ee5c9ccb3e98882d005aa223c71a35817f46fd4c386509cc5f,0.5,0.5,replaced,21e02e73648b3c47160f7b6a49e1bcbfc163af40f53ad6726ea14267f19320d0,0.41666666666666663,0.41666666666666663,182
connection/4/1,9753603ac337762d0a388b4f60866a78103ed7a5e9f31fecbb457dfa92608160,0.41666666666666663,0.41666666666666663,lost_first_batch,b461c5160c5ed04233dd29faf1100243fd2f73c0799f0650f2fcdae5d56e69cb,0.5,0.5,183
territory/1/1,c2a32e5b9c5ebc9f6f54bd3b2eb756983f60df1185c3e5f37220f54b0c91fa8d,0.45833333333333337,0.45833333333333337,replaced,21d5ffa5abe427d60e76e9b7892f6485d4ffad3dfc875f2b253cf8ba63395c1b,0.41666666666666663,0.41666666666666663,184
elimination/0/0,ec7890214d56b4b80d290c7ab7a344c3832fe56eba6a1b1fde03a8e00c84566b,0.0,0.0,t1_invalid_too_short,866574be004e6346eab9248d64cc5a10198ef3bb913887feffe7380e1184de5e,0.29166666666666663,0.29166666666666663,185
territory/4/0,22ad49c8002872562a651c5b92a51d4961f51e99d70666db09be3adb7b8c3bb5,0.5,0.5,lost_first_batch,627eb70b77ed524d45ab6f864be92a1ec7e7189246852e6f05c17923f51b0cd5,0.5,0.5,186
connection/0/0,7f40139afe6884e69329325c878bf7270d98d22b85f7d8a30d04bb90b50419cb,0.0,0.0,t1_invalid_draw_majority,9fb26e7b5ddedfc4324db78163e72a82eed56e47cb730b9b82ea7c2885f785ec,0.5,0.5,187
territory/2/2,b5e3a726194d035f6cd7d942bf718724b1c00389848689f911eb3271c8f7226a,0.14583333333333337,0.14583333333333337,filled_empty_cell,c2a32e5b9c5ebc9f6f54bd3b2eb756983f60df1185c3e5f37220f54b0c91fa8d,0.45833333333333337,0.45833333333333337,188
connection/0/0,c95b444707e15b7ae85d46d7fa2e2eef85922b45f1de9104d8e73407df3590ec,0.0,0.0,t1_invalid_draw_majority,8f1f95ef38f6206b004e7eb5d24125bc4dbb076849f27c4b23b1184c4ea44120,0.47916666666666663,0.47916666666666663,189
connection/0/1,7d5c662a2caa70ff82bd59b77868a93b10f2fb45c484aadf3786261390d6b4a9,0.02083333333333337,0.02083333333333337,t1_invalid_draw_majority,2a48b047cfedb14c800e37dd3964a081296674b8b37724016f86807037c2812e,0.5,0.5,190
connection/1/3,af29af9876a2cd1648d2247de404c43f34b825a7927d1b86faffe22a92b4b365,0.02083333333333337,0.02083333333333337,lost_first_batch,594051c7ba8a8ba16c0492aa4a782146b96e7ae637b2979ee5fd405ab37930ec,0.22916666666666663,0.22916666666666663,191
connection/1/2,6e41b5fd57dd3b4195f5fad2c91391a375802a3e9c66d1ffcfd779a49d2355f5,0.5,0.5,lost_first_batch,f304e4efbd63c66b17afaf42c78a139f32ced9a9c270a3d391b339193107054b,0.5,0.5,192
connection/3/1,9cfa69b0243bcf13ef197215ce0de1474ae22e2c91a11e90abb0d42e46245234,0.10416666666666663,0.10416666666666663,lost_first_batch,91f81c072bf996ee5c9ccb3e98882d005aa223c71a35817f46fd4c386509cc5f,0.5,0.5,193
connection/4/1,7114c556d31a2686312a6212db173e172070a1e491bf8e5a99b74fc4d04a1a63,0.20833333333333337,0.20833333333333337,lost_first_batch,c8041cc3f60393a4652a7069e78df6fc525188482cd05a588fec26c94ce4181c,0.33333333333333337,0.33333333333333337,194
territory/4/1,7f26336a38375025dd1de7635c616df66dd86997d7f446674034590fc79277ee,0.45833333333333337,0.45833333333333337,lost_first_batch,db19267ac6aeb9ac341e6303a34133411fe54f3cf0105335d760cc5722672a4a,0.45833333333333337,0.45833333333333337,195
connection/4/3,25ab53fdb5d1f1301944e6b1b05b75769217024166bd500f31850a1c168310e8,0.0,-0.16666666666666669,lost_first_batch,26725d0742b6a7eb9a9e7f86888c7b407b586ba70d551126c6606af9e75f0a30,0.29166666666666663,0.29166666666666663,196
territory/4/1,3aaa580450da33e943b9063a3b43cf21fadb7ba26f924c902545af00e77512fd,0.5,0.5,lost_first_batch,627eb70b77ed524d45ab6f864be92a1ec7e7189246852e6f05c17923f51b0cd5,0.5,0.5,197
elimination/0/0,339c4c6527865558f353fb720beb1b33b342faa0714c6572a54b5f385c55e6f8,0.0,0.0,t1_invalid_too_short,fd130af745a96a78b2196ab1acc51613f44703c821fd98768e074ebbc35982b0,0.5,0.5,198
connection/2/1,e814d4cc0a1f969bf7e4110efb7cfadcdb2c1a7e3e0e5e39f2ff1203e3e87d69,0.45833333333333337,0.45833333333333337,lost_first_batch,5e7b8899abde1216f8bf8b34bb3b5281b1b85985e52f7f4e488599fce875c012,0.5,0.5,199
territory/4/4,05ee4e4b9492cda958dd4f498237ad4b112d013454d28073afd371855345e018,0.0,-0.29166666666666663,lost_first_batch,17f660bc480f84f191884f2bc7f81acf9938ec2e501f0cade2d9a22095b73772,0.5,0.5,200
connection/3/3,1c32ef4de8c5a399cbeaf1ba8c87dbca59038066d6d174c10f75acd7f598102a,0.375,0.375,guard_vetoed_tilt,17f660bc480f84f191884f2bc7f81acf9938ec2e501f0cade2d9a22095b73772,0.5,0.5,201
territory/2/1,698c6731977ac9ed4c1eeacbe402f38580931b285f1fbd9a00fc679e5df3d19f,0.45833333333333337,0.45833333333333337,filled_empty_cell,91f81c072bf996ee5c9ccb3e98882d005aa223c71a35817f46fd4c386509cc5f,0.5,0.5,202
connection/3/0,491b6a4c44afb042669083810623de13fd4991a7e4654fa3a24b83f83e5f3640,0.29166666666666663,0.29166666666666663,lost_first_batch,c8041cc3f60393a4652a7069e78df6fc525188482cd05a588fec26c94ce4181c,0.33333333333333337,0.33333333333333337,203
territory/3/0,688868e11d6907505c0a0b07ab9ebe3548ca2837bd7f64f261d45950602f2cad,0.27083333333333337,0.27083333333333337,invalid_draw_majority,627eb70b77ed524d45ab6f864be92a1ec7e7189246852e6f05c17923f51b0cd5,0.5,0.5,204
connection/4/2,871233e4ff9bc714df98c1f2c65eadd66afe092d90c5dc0c1bff2e1be6b32cf6,0.27083333333333337,0.27083333333333337,lost_first_batch,c2a32e5b9c5ebc9f6f54bd3b2eb756983f60df1185c3e5f37220f54b0c91fa8d,0.45833333333333337,0.45833333333333337,205
elimination/0/0,e3584af905faa8dedb729621fa0d22adc59ea046af9c4a9712e612ffb0c8cd9a,0.0,0.0,t1_invalid_too_short,6f0b2c1b15c0ec393ed58af87da6c9de8b1a73ead4ea503af11e5cf8a7bdadfd,0.5,0.5,206
,42d8df24529bbffca14f87e76db3d9dd1074087a57e5882b25acb733f906b171,,,eval_failed,b461c5160c5ed04233dd29faf1100243fd2f73c0799f0650f2fcdae5d56e69cb,0.5,0.5,207
elimination/0/0,e64cc8294e0d2b09fc737366616f94bac75b46053a4c7d0c1b7fbf57e49ac93d,0.0,0.0,t1_invalid_too_short,8f1f95ef38f6206b004e7eb5d24125bc4dbb076849f27c4b23b1184c4ea44120,0.47916666666666663,0.47916666666666663,208
territory/2/1,8f78769b961b0fe17e409290d6ae3932a4c124f95dd33dad539d829a148214cb,0.5,0.5,replaced,698c6731977ac9ed4c1eeacbe402f38580931b285f1fbd9a00fc679e5df3d19f,0.45833333333333337,0.45833333333333337,209
territory/2/0,97f2abd6f3b8f542b436efeae11764028c1c73928d0c3a2374be148e3f22e53a,0.47916666666666663,0.47916666666666663,invalid_draw_majority,6f0b2c1b15c0ec393ed58af87da6c9de8b1a73ead4ea503af11e5cf8a7bdadfd,0.5,0.5,210
connection/2/1,5e82e9ba32286e4057861d43eee08a26c74d169cbb92e3d878f4fef17fe29a87,0.27083333333333337,0.27083333333333337,lost_first_batch,9fb26e7b5ddedfc4324db78163e72a82eed56e47cb730b9b82ea7c2885f785ec,0.5,0.5,211
territory/3/3,2ba9a18f499fe8511dccd25198c964a98f3e4e7b44b67189b9312668e70d3549,0.0,0.0,t1_invalid_draw_majority,f6d9a822ddf2a52fcca714adb2e422aea31de052a0b96c574cfc60ce24667364,0.41666666666666663,0.41666666666666663,212
territory/3/2,5978ec62da77128086361a904e039e8c9f831c9054fa2984f018ea973579bb7e,0.04166666666666663,0.04166666666666663,lost_first_batch,d78fee90fc81d699d7046fa37f4cf612ad93fb676d9abd79f074922d54eebfc9,0.375,0.375,213
territory/0/0,ec3cc3e1e0a27b914db65bac439c649889632755a5eafb9d4b6d6ae52fd06de2,0.0,0.0,t1_invalid_draw_majority,39021438220d72f0bd71f0b6776f1db03f519a78eeb1512b0c2c37c30b8eb0c0,0.4375,0.4375,214
threshold/2/1,3fa068fe3af2d4069da6013499bc02b7c95f90884b7d178994cc5632e40d3304,0.0,-0.25,guard_vetoed_tilt,d78fee90fc81d699d7046fa37f4cf612ad93fb676d9abd79f074922d54eebfc9,0.375,0.375,215
territory/4/1,080c0f39a357e24a4f8483c9291734b2f187545aa80c673ff23a4fe042e5d786,0.45833333333333337,0.45833333333333337,lost_first_batch,af20a5d893042a1b54586b9b3402aac515da6134b7b33b29cd9b79c54b23d9a3,0.5,0.5,216
connection/4/1,9ffffd7e03d16aef1e5571f62b23d1047961f3d54f54fc942884201898be6d1b,0.20833333333333337,0.20833333333333337,lost_first_batch,c8041cc3f60393a4652a7069e78df6fc525188482cd05a588fec26c94ce4181c,0.33333333333333337,0.33333333333333337,217
territory/4/0,9abc2a5b0224c1d87ec91ddf5043e1a987b9389f43b5fa52f4304dbcc1d446f4,0.41666666666666663,0.41666666666666663,lost_first_batch,627eb70b77ed524d45ab6f864be92a1ec7e7189246852e6f05c17923f51b0cd5,0.5,0.5,218
territory/0/0,bdbf44462a3344727d38f7c94f197a5dd5b51a10d4563230d6f99a904874a501,0.0,0.0,t1_invalid_draw_majority,c2a32e5b9c5ebc9f6f54bd3b2eb756983f60df1185c3e5f37220f54b0c91fa8d,0.45833333333333337,0.45833333333333337,219
connection/4/0,a77769919a58c7876c5278f6d6afd4707a403eb0af64e426807e0844c7da5aa6,0.29166666666666663,0.29166666666666663,invalid_draw_majority,eb87eae703d22a7d7443c6423df48d6fd18695352f45d8982af273df9ef13fb6,0.45833333333333337,0.45833333333333337,220
connection/4/0,a0a82b6cf9e26ba36cac5d81756f172bef7026602c92f7b37231ca8cf66cabe6,0.375,0.375,guard_vetoed_rush,c8041cc3f60393a4652a7069e78df6fc525188482cd05a588fec26c94ce4181c,0.33333333333333337,0.33333333333333337,221
connection/3/3,39b3ea4e8ad98a40f88aa46eced8a6acf43ca00ed38b901f24ece2667e41a35b,0.375,0.375,replaced,866574be004e6346eab9248d64cc5a10198ef3bb913887feffe7380e1184de5e,0.29166666666666663,0.29166666666666663,222
elimination/0/0,7ecb7801efccc88d83d76ff4897fd7b44ca13ecf9cf1db26b5fcc7f26cf1a34d,0.0,0.0,t1_invalid_too_short,f304e4efbd63c66b17afaf42c78a139f32ced9a9c270a3d391b339193107054b,0.5,0.5,223
connection/0/2,d79de0c4a2f270f406ab16da7720ed1f288af88e85b9d3db3ae5bd8395972dfb,0.41666666666666663,0.41666666666666663,filled_empty_cell,2a48b047cfedb14c800e37dd3964a081296674b8b37724016f86807037c2812e,0.5,0.5,224
territory/3/2,a3603fa7f2f24ebd97e2c6a6812f0d80eb13030ffb7f2815cb83db215838df4b,0.41666666666666663,0.41666666666666663,lost_first_batch,60be24e4f0069e674256d9ef5a5b8ccdc129c0c92dbf7ce46c94c1d213f5f364,0.47916666666666663,0.47916666666666663,225
elimination/0/0,9cf9b53db45c10e97aec0ec9fe93529f3ace7bd37c2048156ba95c2feb931af6,0.0,0.0,t1_invalid_too_short,d78fee90fc81d699d7046fa37f4cf612ad93fb676d9abd79f074922d54eebfc9,0.375,0.375,226
territory/4/2,4bd427aed7def9c0c02d5f64e0a6711d5c6a89cb23a07d2d6b0ad36e2d6c3f6f,0.5,0.5,replaced,39021438220d72f0bd71f0b6776f1db03f519a78eeb1512b0c2c37c30b8eb0c0,0.4375,0.4375,227
connection/1/2,211fb4a4bc9b231205d04aba04e6bff9bdcf5182971ace7fc86fa7345414bdd5,0.47916666666666663,0.47916666666666663,lost_first_batch,f304e4efbd63c66b17afaf42c78a139f32ced9a9c270a3d391b339193107054b,0.5,0.5,228
connection/3/2,8a0b6b7ba7b91e8a08f3c4c23c4a11742d47a7aa6f5a917cb5096411cb5eff4f,0.4375,0.4375,lost_first_batch,8f1f95ef38f6206b004e7eb5d24125bc4dbb076849f27c4b23b1184c4ea44120,0.47916666666666663,0.47916666666666663,229
connection/2/1,b4c2d03efc2e7c147bd2748915a640eab514d82b04d4f943af096a292aa29e31,0.35416666666666663,0.35416666666666663,lost_first_batch,b461c5160c5ed04233dd29faf1100243fd2f73c0799f0650f2fcdae5d56e69cb,0.5,0.5,230
connection/1/3,f3fdaaf8d22f9e37f684da0f53a55a3cd1a740064e1c168bee96ef6fb047d1b6,0.125,0.125,lost_first_batch,594051c7ba8a8ba16c0492aa4a782146b96e7ae637b2979ee5fd405ab37930ec,0.22916666666666663,0.22916666666666663,231
territory/4/3,cb2035f78b588431dea1eb7b4a2f91bf162676b8b918e4a3681cd0950081e4bf,0.5,0.5,guard_vetoed_tilt,c8041cc3f60393a4652a7069e78df6fc525188482cd05a588fec26c94ce4181c,0.33333333333333337,0.33333333333333337,232
territory/4/1,32ace95ed8fec095cc76548dcdb819efcff6e48b70951a71312fba38e88ba64a,0.45833333333333337,0.45833333333333337,lost_first_batch,af20a5d893042a1b54586b9b3402aac515da6134b7b33b29cd9b79c54b23d9a3,0.5,0.5,233
connection/1/1,eb080f8cde73dc341809395eb35edaf8706182212c0b064ebaa100bc04d6c76f,0.47916666666666663,0.47916666666666663,lost_first_batch,8f1f95ef38f6206b004e7eb5d24125bc4dbb076849f27c4b23b1184c4ea44120,0.47916666666666663,0.47916666666666663,234
territory/0/0,cd4323d72e58fca3b255b91819fee39d181c27474d2b2bca82539cbd5bb5cea9,0.0,0.0,t1_invalid_draw_majority,f304e4efbd63c66b17afaf42c78a139f32ced9a9c270a3d391b339193107054b,0.5,0.5,235
connection/3/2,924591eb7490b45536f8fae3ac1f1c46b9b241c796406716d7376882b3f16368,0.375,0.375,lost_first_batch,d79de0c4a2f270f406ab16da7720ed1f288af88e85b9d3db3ae5bd8395972dfb,0.41666666666666663,0.41666666666666663,236
territory/4/3,37104aba234d6b48d618fcedae9f926b962ab48a620f22a70fff4c18326b527e,0.08333333333333337,0.08333333333333337,t1_invalid_draw_majority,b461c5160c5ed04233dd29faf1100243fd2f73c0799f0650f2fcdae5d56e69cb,0.5,0.5,237
connection/4/2,6263498fc3d7cafc35c0fde5593d95da3f6e153e48566d39c1d11634e929a391,0.35416666666666663,0.35416666666666663,lost_first_batch,17f660bc480f84f191884f2bc7f81acf9938ec2e501f0cade2d9a22095b73772,0.5,0.5,238
connection/3/2,b1cc5a304b3e45376ca8061a06c66ad9668c16d91f6f02cfe7da3eeaa40104d8,0.4375,0.4375,lost_first_batch,af20a5d893042a1b54586b9b3402aac515da6134b7b33b29cd9b79c54b23d9a3,0.5,0.5,239
territory/2/1,cc33f3c765bd62a313a4a89e6744652c880666b563b2768186f53d18d1e733d0,0.33333333333333337,0.33333333333333337,lost_first_batch,8f78769b961b0fe17e409290d6ae3932a4c124f95dd33dad539d829a148214cb,0.5,0.5,240
connection/0/0,2082c2dd8bd004c79c7154b2e96c9f27a4fe2ce389677a35c9c6623a52391bf7,0.0,0.0,t1_invalid_draw_majority,b461c5160c5ed04233dd29faf1100243fd2f73c0799f0650f2fcdae5d56e69cb,0.5,0.5,241
connection/1/1,4993ca389361ecd8985a93d2273c70b577d0e4244a9517c8e5b6287c0692a9f2,0.41666666666666663,0.41666666666666663,lost_first_batch,2a48b047cfedb14c800e37dd3964a081296674b8b37724016f86807037c2812e,0.5,0.5,242
elimination/0/0,3e15c35528ece722667d218b16d0b262ce31123ac02ca23cb03d361946b90bf1,0.0,0.0,t1_invalid_too_short,6f0b2c1b15c0ec393ed58af87da6c9de8b1a73ead4ea503af11e5cf8a7bdadfd,0.5,0.5,243
connection/4/1,cb72245f23c629d0262b28a52ca403ba67c8ce4c95f49a067674b12f8308e027,0.375,0.375,lost_first_batch,b461c5160c5ed04233dd29faf1100243fd2f73c0799f0650f2fcdae5d56e69cb,0.5,0.5,244
elimination/0/0,1b2ea16cf3d50f5991c60a5f908fe020ea82e662909db521d16861295aa4c1de,0.0,0.0,t1_invalid_too_short,6f0b2c1b15c0ec393ed58af87da6c9de8b1a73ead4ea503af11e5cf8a7bdadfd,0.5,0.5,245
connection/4/1,4bf0196a89096c4117f01e8268596d819ff62b8cc8c5e24d3ef389c7bc96d8b0,0.0,-0.125,lost_first_batch,d78fee90fc81d699d7046fa37f4cf612ad93fb676d9abd79f074922d54eebfc9,0.375,0.375,246
connection/3/3,b7bcad1d612240cb7ad8f7edc3bafc52bf235fe834d6ab6dc63682cd75c7ca18,0.0,-0.14583333333333331,lost_first_batch,594051c7ba8a8ba16c0492aa4a782146b96e7ae637b2979ee5fd405ab37930ec,0.22916666666666663,0.22916666666666663,247
territory/4/2,6545ead6b6f143ba2779f6754496e71302384f24b8bdf81aa4e9f6030834c33a,0.5,0.5,lost_first_batch,af20a5d893042a1b54586b9b3402aac515da6134b7b33b29cd9b79c54b23d9a3,0.5,0.5,248
territory/4/2,c272ddb7073bcdd9fbbac112cce9b2f910cb59d55f78298b4f885d6ccc57b797,0.375,0.375,lost_first_batch,39021438220d72f0bd71f0b6776f1db03f519a78eeb1512b0c2c37c30b8eb0c0,0.4375,0.4375,249
territory/4/2,5cd50d86db264a618f999e94b36258a04674d75c924b1ec6ff575434fcb13802,0.0,0.0,lost_first_batch,5e7b8899abde1216f8bf8b34bb3b5281b1b85985e52f7f4e488599fce875c012,0.5,0.5,250
territory/4/1,909f2023fe49cd00d085228d71b4857af386c61f116a54d06cd5ab0062c71115,0.4375,0.4375,lost_first_batch,91f81c072bf996ee5c9ccb3e98882d005aa223c71a35817f46fd4c386509cc5f,0.5,0.5,251
connection/2/1,8d00a0ec3b56fa37557eff5244bda728b07edca511e7b1d0a0fda8b3daefbc16,0.02083333333333337,0.02083333333333337,t1_invalid_draw_majority,17f660bc480f84f191884f2bc7f81acf9938ec2e501f0cade2d9a22095b73772,0.5,0.5,252
territory/4/2,6ad39b0f453d77741a4ba77d9761905473c2f972eca571c564d03417b2c7c3e3,0.33333333333333337,0.33333333333333337,lost_first_batch,60be24e4f0069e674256d9ef5a5b8ccdc129c0c92dbf7ce46c94c1d213f5f364,0.47916666666666663,0.47916666666666663,253
connection/4/1,d5e4ac7b3f71e84eb00bf0a723893d3880e747de02aabac083ef236cb1194abf,0.375,0.375,lost_first_batch,17f660bc480f84f191884f2bc7f81acf9938ec2e501f0cade2d9a22095b73772,0.5,0.5,254
territory/1/1,b6c417b12ab4271c15a06275ad27f8f353f2e136119aa350d493e2bf62d39223,0.45833333333333337,0.45833333333333337,lost_first_batch,6f0b2c1b15c0ec393ed58af87da6c9de8b1a73ead4ea503af11e5cf8a7bdadfd,0.5,0.5,255
connection/4/0,4eca731058970645420033e6deff664674e414da0b32d90c4ace6b3daabe9ce5,0.5,0.5,t1_invalid_too_short,eb87eae703d22a7d7443c6423df48d6fd18695352f45d8982af273df9ef13fb6,0.45833333333333337,0.45833333333333337,256
connection/1/0,f0e4fa8de99ab156a8eb8022fdcc3eebe29624cbc57b5d37e0dd8d92271d7c30,0.0625,0.0625,t1_invalid_draw_majority,9fb26e7b5ddedfc4324db78163e72a82eed56e47cb730b9b82ea7c2885f785ec,0.5,0.5,257
connection/0/2,7575139f78da00a39c1763ed5f6e9f9733e5897561d9b287e1c5af7569eee8f7,0.41666666666666663,0.41666666666666663,lost_first_batch,d79de0c4a2f270f406ab16da7720ed1f288af88e85b9d3db3ae5bd8395972dfb,0.41666666666666663,0.41666666666666663,258
territory/4/3,9e7b2fb67f78fb77a9042b35a667c8de809470dbfa1fd35ad49e9fecd6881653,0.375,0.375,lost_first_batch,594051c7ba8a8ba16c0492aa4a782146b96e7ae637b2979ee5fd405ab37930ec,0.22916666666666663,0.22916666666666663,259
territory/4/4,1c55e13164aebb8af45a45fc2080ef4bbffe305808933a9074c09a715bee0164,0.4375,0.4375,replaced,f6d9a822ddf2a52fcca714adb2e422aea31de052a0b96c574cfc60ce24667364,0.41666666666666663,0.41666666666666663,260
connection/0/0,b90441901492ea9c46a6b82ce0f635c8aab1b4e88f886e124028a439365622c1,0.0,0.0,t1_invalid_draw_majority,b461c5160c5ed04233dd29faf1100243fd2f73c0799f0650f2fcdae5d56e69cb,0.5,0.5,261
territory/4/1,dc497ab289e43cfa02361a93e8cdbd6eb41e1bff8fe95231b79af2f3cf441c0f,0.41666666666666663,0.41666666666666663,lost_first_batch,b5e3a726194d035f6cd7d942bf718724b1c00389848689f911eb3271c8f7226a,0.14583333333333337,0.14583333333333337,262
territory/3/1,fb7b749e5a306367326b75ee734b5634da3dfafadc9c77d27608c3260bb4eac5,0.5,0.5,lost_first_batch,91f81c072bf996ee5c9ccb3e98882d005aa223c71a35817f46fd4c386509cc5f,0.5,0.5,263
elimination/0/0,7aef3fb7e46367a296e32de28e5f10f1a834f5a65e0900d0df4428dd5b68582a,0.0,0.0,t1_invalid_too_short,91f81c072bf996ee5c9ccb3e98882d005aa223c71a35817f46fd4c386509cc5f,0.5,0.5,264
territory/4/4,ee1fdc7d1f88b5085a62ec45ecb9fc33ce19330782d2f98413c76b5814883e55,0.33333333333333337,0.33333333333333337,lost_first_batch,1c55e13164aebb8af45a45fc2080ef4bbffe305808933a9074c09a715bee0164,0.4375,0.4375,265
territory/4/3,ae31cc8bb2b5bb4f17396c250e66775308f63541e12eca3ab20d0d971beecdcb,0.02083333333333337,0.02083333333333337,t1_invalid_draw_majority,1c55e13164aebb8af45a45fc2080ef4bbffe305808933a9074c09a715bee0164,0.4375,0.4375,266
territory/4/2,d8e7e8224cc57d3789b7459e60505b9f776249b60e6c5e7ea0ef695e27e208ff,0.47916666666666663,0.47916666666666663,lost_first_batch,39021438220d72f0bd71f0b6776f1db03f519a78eeb1512b0c2c37c30b8eb0c0,0.4375,0.4375,267
territory/4/0,291b8923cb87217c4494a7a103cc85e879346651745bb9dbc676ab3d23961399,0.47916666666666663,0.47916666666666663,lost_first_batch,627eb70b77ed524d45ab6f864be92a1ec7e7189246852e6f05c17923f51b0cd5,0.5,0.5,268
connection/3/3,9b2bd3a17e1a07a211a246d98e3bfebb90ad4965c533ca2dc8c2ae63ffd1bf37,0.3125,0.3125,lost_first_batch,f304e4efbd63c66b17afaf42c78a139f32ced9a9c270a3d391b339193107054b,0.5,0.5,269
connection/3/1,b4c3784a1cdde2e51bca29013e0a1ebfe7064d0b8ac9852eca1556d0f7758934,0.33333333333333337,0.33333333333333337,lost_first_batch,9fb26e7b5ddedfc4324db78163e72a82eed56e47cb730b9b82ea7c2885f785ec,0.5,0.5,270
connection/4/3,b57737d84359f73f05fd3bc8e671d68fe3e4844feaae5c85dcf3d0da291916d6,0.1875,0.1875,lost_first_batch,fd130af745a96a78b2196ab1acc51613f44703c821fd98768e074ebbc35982b0,0.5,0.5,271
connection/1/2,a1ce9b46a89e4346d47daf6c9673c2bf70ce188ea4accfb69ad8f30cad0f3d2c,0.45833333333333337,0.45833333333333337,lost_first_batch,8f1f95ef38f6206b004e7eb5d24125bc4dbb076849f27c4b23b1184c4ea44120,0.47916666666666663,0.47916666666666663,272
connection/1/2,b9a41ff6f3d0ae48d71e2b238583f98afb8b36a526ff85d206e058b690ba3780,0.47916666666666663,0.47916666666666663,lost_first_batch,9fb26e7b5ddedfc4324db78163e72a82eed56e47cb730b9b82ea7c2885f785ec,0.5,0.5,273
territory/3/1,c3691c4dd27b84ecbe0b69003d773e22d4867a344492137830b1c22ba8838150,0.5,0.5,lost_first_batch,c2a32e5b9c5ebc9f6f54bd3b2eb756983f60df1185c3e5f37220f54b0c91fa8d,0.45833333333333337,0.45833333333333337,274
territory/4/2,da1ecafd34adeb6ded9c16b0d28391b7621f30dcd5b0a72bc46e807f575d8c79,0.5,0.5,lost_first_batch,5e7b8899abde1216f8bf8b34bb3b5281b1b85985e52f7f4e488599fce875c012,0.5,0.5,275
territory/4/1,014d88fb73c65589083562a5b40aa50c2a9c67a9a4257279a6fe4cfc01ec7cbf,0.375,0.375,lost_first_batch,b5e3a726194d035f6cd7d942bf718724b1c00389848689f911eb3271c8f7226a,0.14583333333333337,0.14583333333333337,276
connection/1/1,5b65388754e5b983ca45084c5b345e5b3baa15524af9355d96582436b8ca296e,0.5,0.5,lost_first_batch,2a48b047cfedb14c800e37dd3964a081296674b8b37724016f86807037c2812e,0.5,0.5,277
connection/1/2,6d8e727c591844295cf4be053c25e7ecff9c1bad69c54cf4a1d8616bc3353d16,0.45833333333333337,0.45833333333333337,lost_first_batch,5e7b8899abde1216f8bf8b34bb3b5281b1b85985e52f7f4e488599fce875c012,0.5,0.5,278
territory/4/0,222a8f47dd0b66f1934a8677dbef4507b1707397ef5b1b7fb0ebb6351e5f7432,0.5,0.5,lost_first_batch,6f0b2c1b15c0ec393ed58af87da6c9de8b1a73ead4ea503af11e5cf8a7bdadfd,0.5,0.5,279
territory/4/3,b8e1610cf874f1e7b6d7c44417ec1acaeaea36fa1995e83a10b33ef07d771634,0.41666666666666663,0.41666666666666663,lost_first_batch,39021438220d72f0bd71f0b6776f1db03f519a78eeb1512b0c2c37c30b8eb0c0,0.4375,0.4375,280
territory/4/1,fe2c0efd180cc59c856ab0362d910110dcddeab5926a8b0b9e718a4d5852aaaf,0.41666666666666663,0.41666666666666663,lost_first_batch,af20a5d893042a1b54586b9b3402aac515da6134b7b33b29cd9b79c54b23d9a3,0.5,0.5,281
elimination/0/0,130b563592a33b364021f26255be6cb15b6c8d55227293d3b19018d71b47bbef,0.5,0.5,t1_invalid_too_short,39021438220d72f0bd71f0b6776f1db03f519a78eeb1512b0c2c37c30b8eb0c0,0.4375,0.4375,282
territory/4/0,c99ade497b27ea420f073ea846971595b3f6f139f299cb1f7de88d3660c256d2,0.5,0.5,lost_first_batch,627eb70b77ed524d45ab6f864be92a1ec7e7189246852e6f05c17923f51b0cd5,0.5,0.5,283
connection/4/2,af4e0e730b58c106b2ba0137f288957159422efdf07a1b6059a8c8adc3c3f42c,0.0,-0.25,lost_first_batch,d78fee90fc81d699d7046fa37f4cf612ad93fb676d9abd79f074922d54eebfc9,0.375,0.375,284
connection/0/0,71a6b8020f96bdb66b1b30456c862379ca3f04d7c2f885c262e69cf56c73690b,0.0,0.0,t1_invalid_draw_majority,f304e4efbd63c66b17afaf42c78a139f32ced9a9c270a3d391b339193107054b,0.5,0.5,285
connection/2/1,97cd36d82c9773a0e5bbf87e68f2cca5984e1a34c96f4893eb78fb03dcbb4e94,0.39583333333333337,0.39583333333333337,invalid_draw_majority,5e7b8899abde1216f8bf8b34bb3b5281b1b85985e52f7f4e488599fce875c012,0.5,0.5,286
territory/3/1,ce465e8350d3b89544d1b1c9595b9bdc9bcda8c208ed0cea326f0cb66a214af4,0.41666666666666663,0.41666666666666663,lost_first_batch,8f78769b961b0fe17e409290d6ae3932a4c124f95dd33dad539d829a148214cb,0.5,0.5,287
elimination/0/0,4c43c2098fc85b85f209984306fd36dc203e99376d6f03c6f717fa52bc50db1f,0.5,0.5,t1_invalid_too_short,39021438220d72f0bd71f0b6776f1db03f519a78eeb1512b0c2c37c30b8eb0c0,0.4375,0.4375,288
connection/4/3,8bf931007c070439410942f8111dee4c23b1fa9cdacdb24f3441a00592772ee0,0.22916666666666663,0.22916666666666663,lost_first_batch,39b3ea4e8ad98a40f88aa46eced8a6acf43ca00ed38b901f24ece2667e41a35b,0.375,0.375,289
connection/3/2,4953646d2ae3ab36e52e5df45537b5969f8b0ef3de07b4e9f49ad375da4dd565,0.375,0.375,lost_first_batch,f304e4efbd63c66b17afaf42c78a139f32ced9a9c270a3d391b339193107054b,0.5,0.5,290
territory/4/3,764ad3ae50ec0f7d98d5acaf6e8f7655cee5f2712e1769a259de5dc4bbfe9e1b,0.47916666666666663,0.47916666666666663,replaced,39021438220d72f0bd71f0b6776f1db03f519a78eeb1512b0c2c37c30b8eb0c0,0.4375,0.4375,291
territory/3/2,373dac7db426850c6153684133d4881891df5053edf0f2d46acdbaef78b2ae97,0.125,0.125,t1_invalid_draw_majority,1c55e13164aebb8af45a45fc2080ef4bbffe305808933a9074c09a715bee0164,0.4375,0.4375,292
elimination/0/0,0afc703f5d9c2eb1485f409ffdc8fc89ac2d4d20d7d63861d0266d36c381de4e,0.0,0.0,t1_invalid_too_short,60be24e4f0069e674256d9ef5a5b8ccdc129c0c92dbf7ce46c94c1d213f5f364,0.47916666666666663,0.47916666666666663,293
elimination/0/0,f03c19f3a96bd3b794f1062f91a2fca6d4c1ba6d205767efd97c764570dbcc5b,0.0,0.0,t1_invalid_too_short,9fb26e7b5ddedfc4324db78163e72a82eed56e47cb730b9b82ea7c2885f785ec,0.5,0.5,294
elimination/0/0,aee5794eff08e7d046f3e8537d2429945052de7c8eef7ecd2188374efac8d69f,0.0,0.0,t1_invalid_too_short,60be24e4f0069e674256d9ef5a5b8ccdc129c0c92dbf7ce46c94c1d213f5f364,0.47916666666666663,0.47916666666666663,295
connection/4/1,fc6fe61ea703acc71bc92653fe1a89b9fed5915d785184b1273507dc9233d7c8,0.25,0.25,lost_first_batch,c8041cc3f60393a4652a7069e78df6fc525188482cd05a588fec26c94ce4181c,0.33333333333333337,0.33333333333333337,296
connection/1/2,37073ee4addd23f27a854a4898934fdb845783ebeeb8f3d83cf8c292290bea88,0.04166666666666663,0.04166666666666663,lost_first_batch,594051c7ba8a8ba16c0492aa4a782146b96e7ae637b2979ee5fd405ab37930ec,0.22916666666666663,0.22916666666666663,297
connection/3/2,c14c2a052308b84216f44a35ecfbc89c5264ccd916fa7582bfbdfd2e39088b96,0.10416666666666663,0.10416666666666663,t1_invalid_draw_majority,39b3ea4e8ad98a40f88aa46eced8a6acf43ca00ed38b901f24ece2667e41a35b,0.375,0.375,298
territory/2/1,cf3a3d7da0276612f1756fc2f9d4bb8647df3a963c801a9a7f56bdf5039fd160,0.4375,0.4375,lost_first_batch,8f78769b961b0fe17e409290d6ae3932a4c124f95dd33dad539d829a148214cb,0.5,0.5,299
connection/4/1,7aa18401b4014b920604d284f439266f442b8d3c5363baf7a1bc0e3b1c86fa66,0.33333333333333337,0.33333333333333337,lost_first_batch,b461c5160c5ed04233dd29faf1100243fd2f73c0799f0650f2fcdae5d56e69cb,0.5,0.5,300
