section,arm,canon,family,cell,t1_raw,t1_floored,non_draw_share,mean_length,full_conv_mean_floored,n_full_conv,valid,outcome
stage0,,21e02e73648b3c47,territory,territory/3/1,0.416667,0.416667,1.0000,32.25,,,True,
stage0,,0e770f8f740b479f,threshold,threshold/4/1,0.437500,0.437500,0.9583,46.33,,,True,
stage0,,8f8f8b0e702a6738,connection,connection/4/2,0.375000,0.375000,0.8333,43.21,,,True,
stage0,,4b55d333bb254dc1,threshold,threshold/4/2,0.229167,0.229167,0.7083,58.46,,,True,
stage0,,b88d80599e472255,connection,connection/4/2,0.000000,0.000000,0.0000,66.00,,,False,draw_majority
stage0,,863fa63735d5c584,elimination,elimination/0/0,0.000000,0.000000,1.0000,1.00,,,False,too_short
stage0,,1c8390b27ca02f8b,elimination,elimination/0/0,0.000000,0.000000,1.0000,1.00,,,False,too_short
stage0,,b669d5a33178e999,territory,territory/4/3,0.000000,0.000000,0.0000,66.00,,,False,draw_majority
stage0,,8e75841788a5d6a3,territory,territory/4/3,0.291667,0.291667,0.5833,77.83,,,True,
stage0,,edc7c7e3a5442b7d,territory,territory/4/3,0.083333,0.083333,0.5000,68.46,,,True,
stage0,,e8fff1eefd9b0a29,territory,territory/4/3,0.041667,0.041667,0.0833,67.46,,,False,draw_majority
stage0,,4bb04e77e84795c9,connection,connection/3/1,0.229167,0.229167,0.7083,51.50,,,True,
stage0,,675355981b990164,connection,connection/4/1,0.000000,0.000000,0.0000,14.00,,,False,draw_majority
stage0,,70f88ca5a25cb025,connection,connection/2/0,0.000000,0.000000,0.0000,3.00,,,False,draw_majority
stage0,,9b3907e751172f49,connection,connection/3/0,0.000000,0.000000,0.0000,4.00,,,False,draw_majority
stage0,,8394a1a1060709a6,threshold,threshold/2/1,0.416667,0.416667,1.0000,25.58,,,True,
stage0,,232402b8b4d138d3,territory,territory/4/3,0.125000,0.125000,0.4167,65.42,,,False,draw_majority
stage0,,a516c40e080d2012,threshold,threshold/3/1,0.354167,0.354167,0.9583,56.42,,,True,
stage0,,a0f631631fe9f989,connection,connection/4/1,0.312500,0.312500,0.6250,48.42,,,True,
stage0,,483fd650277e86f3,connection,connection/3/2,0.312500,0.312500,0.9583,47.21,,,True,
stage0,,d673843fcb1345dc,elimination,elimination/0/0,0.000000,0.000000,1.0000,1.00,,,False,too_short
stage0,,f81fea618a66a8a0,connection,connection/3/1,0.416667,0.416667,1.0000,20.75,,,True,
stage0,,2a48b047cfedb14c,connection,connection/1/2,0.500000,0.500000,1.0000,31.08,,,True,
stage0,,9d5bdb9ada7fca44,threshold,threshold/3/1,-0.208333,0.000000,1.0000,36.04,,,True,
stage0,,4906b4474cade1e7,territory,territory/4/2,0.333333,0.333333,0.8333,54.17,,,True,
stage0,,8d08c9e7d51f717a,territory,territory/3/2,0.458333,0.458333,1.0000,63.54,,,True,
stage0,,f6d9a822ddf2a52f,territory,territory/4/4,0.416667,0.416667,0.8333,91.71,,,True,
stage0,,d9a6d9e34968fe66,threshold,threshold/4/2,-0.041667,0.000000,0.9167,66.88,,,True,
stage0,,fddb0b1540b47a75,territory,territory/4/2,-0.083333,0.000000,1.0000,40.75,,,True,
stage0,,59d91366237358fd,elimination,elimination/0/0,0.000000,0.000000,1.0000,1.00,,,False,too_short
stage0,,201cd233d831ccf7,threshold,threshold/4/1,0.000000,0.000000,0.0000,12.83,,,False,draw_majority
stage0,,6ef8c9cf561ff17e,territory,territory/4/3,0.312500,0.312500,0.6250,91.79,,,True,
stage0,,69277827ca0954f6,territory,territory/4/3,0.312500,0.312500,0.7083,88.88,,,True,
stage0,,e1e4b05919f49828,connection,connection/4/1,0.375000,0.375000,1.0000,39.71,,,True,
stage0,,3c88d7b3ba1e38e7,connection,connection/1/2,0.500000,0.500000,1.0000,28.83,,,True,
stage0,,426916192964b43a,threshold,threshold/2/1,0.375000,0.375000,1.0000,33.79,,,True,
stage0,,5dd7c4bcc17bc32c,threshold,threshold/4/3,-0.020833,0.000000,0.6250,75.04,,,True,
stage0,,4f8c94d7876a3961,threshold,threshold/4/2,0.062500,0.062500,0.1250,64.83,,,False,draw_majority
stage0,,1f5d0b892615168a,connection,connection/4/3,0.333333,0.333333,0.6667,61.58,,,True,
stage0,,3c2138753512d548,connection,connection/3/2,0.312500,0.312500,0.7917,39.83,,,True,
stage0,,090c9136829ec508,elimination,elimination/0/0,0.000000,0.000000,1.0000,1.00,,,False,too_short
stage0,,7a8835ca461d67d1,elimination,elimination/0/0,0.000000,0.000000,1.0000,1.00,,,False,too_short
stage0,,40739a07b6b03aee,elimination,elimination/0/0,0.000000,0.000000,1.0000,1.00,,,False,too_short
stage0,,8ef9b40f1e74d90c,territory,territory/4/3,0.208333,0.208333,0.5000,72.83,,,True,
stage0,,d56a096753543f55,territory,territory/4/1,0.166667,0.166667,0.3333,73.92,,,False,draw_majority
stage0,,9b0aad6556eb5a8e,threshold,threshold/4/1,0.000000,0.000000,0.0000,42.92,,,False,draw_majority
stage0,,5653d72143d044af,threshold,threshold/2/0,0.375000,0.375000,1.0000,23.88,,,True,
stage0,,16c070745bfea42b,territory,territory/4/3,0.395833,0.395833,0.7917,92.46,,,True,
stage0,,fd130af745a96a78,connection,connection/3/2,0.500000,0.500000,1.0000,55.17,,,True,
stage0,,d48d8d78bbfd42d3,connection,connection/4/0,0.000000,0.000000,0.0000,12.96,,,False,draw_majority
stage0,,7dbec4dc7e554e2c,connection,connection/3/3,0.229167,0.229167,0.8750,66.25,,,True,
stage0,,5febeb84c42b1a70,territory,territory/4/4,0.395833,0.395833,0.7917,98.46,,,True,
stage0,,06083810357fdc2f,elimination,elimination/0/0,0.000000,0.000000,1.0000,1.00,,,False,too_short
stage0,,631c5731fb29fcaa,elimination,elimination/0/0,0.000000,0.000000,1.0000,1.00,,,False,too_short
stage0,,3f9131f3c5c852b4,threshold,threshold/4/4,0.395833,0.395833,0.7917,95.17,,,True,
stage0,,df961519fdc15f61,elimination,elimination/0/0,0.000000,0.000000,1.0000,1.00,,,False,too_short
stage0,,039ef83655061a87,connection,connection/2/1,0.375000,0.375000,1.0000,9.54,,,True,
stage0,,9e59e9ddf9b36798,connection,connection/3/1,0.000000,0.000000,1.0000,22.00,,,True,
stage0,,67921d035f4bee22,connection,connection/3/2,0.312500,0.312500,0.8750,47.79,,,True,
stage0,,3dcd6f56e81dac4d,elimination,elimination/0/0,0.000000,0.000000,1.0000,1.00,,,False,too_short
stage0,,0d9a7cdc66cefcce,connection,connection/4/1,0.166667,0.166667,1.0000,18.50,,,True,
stage0,,b4633350109ca789,connection,connection/4/1,0.333333,0.333333,1.0000,9.25,,,True,
stage0,,4791a29c075277a7,territory,territory/3/1,0.041667,0.041667,0.0833,67.25,,,False,draw_majority
stage0,,31f8d86c83928c54,connection,connection/3/1,0.437500,0.437500,0.9583,11.62,,,True,
stage0,,705643ccd9404ffe,connection,connection/3/1,0.125000,0.125000,1.0000,26.12,,,True,
stage0,,bb5c544e11b8ce51,threshold,threshold/1/0,0.458333,0.458333,0.9167,35.42,,,True,
stage0,,50919e3c99fd87be,territory,territory/4/4,0.270833,0.270833,0.5417,87.62,,,True,
stage0,,360e46fd1c6716bb,connection,connection/4/2,0.000000,0.000000,0.0000,66.00,,,False,draw_majority
stage0,,931ebedf856b8212,connection,connection/4/1,0.125000,0.125000,0.3333,32.67,,,False,draw_majority
stage0,,d7d9871344e61e7c,connection,connection/3/2,0.375000,0.375000,0.8333,33.12,,,True,
stage0,,43db82e3798e93f0,elimination,elimination/0/0,0.000000,0.000000,1.0000,1.00,,,False,too_short
stage0,,f42d2ffc9126449e,elimination,elimination/0/0,0.000000,0.000000,1.0000,1.00,,,False,too_short
stage0,,974e8dc05a3f5e4f,threshold,threshold/3/1,-0.083333,0.000000,1.0000,36.08,,,True,
stage0,,d53760984f7c89ba,territory,territory/3/2,0.166667,0.166667,0.4167,89.92,,,False,draw_majority
stage0,,4a919b8dfe283c36,elimination,elimination/0/0,0.000000,0.000000,1.0000,1.00,,,False,too_short
stage0,,c1320a8c59a51b2b,territory,territory/4/2,0.375000,0.375000,1.0000,38.79,,,True,
stage0,,e435f51556cf217d,connection,connection/4/3,0.125000,0.125000,1.0000,57.21,,,True,
stage0,,b75aa1fd808badf2,territory,territory/0/0,0.000000,0.000000,0.0000,10.00,,,False,draw_majority
stage0,,35545f70627bffd6,connection,connection/4/1,0.083333,0.083333,1.0000,20.33,,,True,
stage0,,894565510c05df04,elimination,elimination/0/0,0.000000,0.000000,1.0000,1.00,,,False,too_short
stage0,,e4c95bcb08d9f511,connection,connection/3/1,0.208333,0.208333,1.0000,19.46,,,True,
stage0,,79a44d2f6afe2d52,connection,connection/3/1,0.458333,0.458333,1.0000,9.04,,,True,
stage0,,b61c1f5b0d19c85a,elimination,elimination/0/0,0.000000,0.000000,1.0000,1.00,,,False,too_short
stage0,,453bf5666970fbb4,threshold,threshold/4/1,-0.145833,0.000000,0.9583,36.71,,,True,
stage0,,17f579e6763e7655,connection,connection/4/1,0.375000,0.375000,1.0000,18.79,,,True,
stage0,,cd659d02f2432144,connection,connection/2/0,0.000000,0.000000,0.0000,4.12,,,False,draw_majority
stage0,,b461c5160c5ed042,connection,connection/4/1,0.500000,0.500000,1.0000,16.75,,,True,
stage0,,17f660bc480f84f1,connection,connection/3/1,0.500000,0.500000,1.0000,18.75,,,True,
stage0,,474d73fa59f95d67,elimination,elimination/0/0,0.000000,0.000000,1.0000,1.00,,,False,too_short
stage0,,3920dfa0d6ef3b0d,connection,connection/3/1,0.125000,0.125000,1.0000,16.54,,,True,
stage0,,2cade67e9a55c397,threshold,threshold/4/1,-0.062500,0.000000,0.9583,37.42,,,True,
stage0,,b589561f4dfb53ab,territory,territory/3/2,0.083333,0.083333,1.0000,56.67,,,True,
stage0,,fee88f5b6072a5af,connection,connection/3/0,0.291667,0.291667,0.9167,14.00,,,True,
stage0,,e4b06ed83dceb386,threshold,threshold/3/1,0.208333,0.208333,1.0000,30.79,,,True,
stage0,,67e08e70fb31919d,connection,connection/4/2,0.000000,0.000000,0.0000,66.00,,,False,draw_majority
stage0,,5ad366006c43834f,connection,connection/3/1,0.270833,0.270833,0.7083,66.12,,,True,
stage0,,344ec29f992b7a86,territory,territory/3/1,0.000000,0.000000,0.0000,44.67,,,False,draw_majority
stage0,,53118d356d7df150,connection,connection/4/1,0.458333,0.458333,1.0000,8.71,,,True,
stage0,,3d787ca53825c70f,connection,connection/0/0,0.000000,0.000000,0.0000,2.00,,,False,draw_majority
stage0,,7d9dde46fb01116d,connection,connection/1/1,0.270833,0.270833,0.8750,32.42,,,True,
stage0,,f9c1acfe4873e17e,connection,connection/4/1,0.250000,0.250000,0.8333,25.88,,,True,
stage0,,5c567223dc98da12,territory,territory/4/2,0.333333,0.333333,1.0000,54.92,,,True,
stage0,,feede197db718b23,elimination,elimination/0/0,0.000000,0.000000,1.0000,1.00,,,False,too_short
stage0,,a996ca63b0849bd6,territory,territory/2/2,0.187500,0.187500,0.8750,66.38,,,True,
stage0,,9bfd7cb71507e9ee,connection,connection/2/1,0.020833,0.020833,0.0417,50.96,,,False,draw_majority
stage0,,93ceaecf82f83486,threshold,threshold/4/2,-0.125000,0.000000,0.5833,54.25,,,True,
stage0,,7fe9415522bf29c9,threshold,threshold/3/1,0.041667,0.041667,1.0000,43.21,,,True,
stage0,,f3e4838b481bd051,connection,connection/4/2,0.166667,0.166667,1.0000,26.17,,,True,
stage0,,de0644611279e3f4,connection,connection/2/2,0.270833,0.270833,0.5417,57.33,,,True,
stage0,,50b2ded586eb20b1,elimination,elimination/0/0,0.000000,0.000000,1.0000,1.00,,,False,too_short
stage0,,ab4865f0ffc3fd93,threshold,threshold/4/1,-0.041667,0.000000,1.0000,29.38,,,True,
stage0,,66d398fa65f11677,elimination,elimination/0/0,0.000000,0.000000,1.0000,1.00,,,False,too_short
stage0,,b84692291efb1997,elimination,elimination/0/0,0.000000,0.000000,1.0000,1.00,,,False,too_short
stage0,,17a11894948bf642,connection,connection/3/3,0.333333,0.333333,1.0000,56.17,,,True,
stage0,,6d087dc6ae984b35,connection,connection/3/1,0.416667,0.416667,1.0000,13.50,,,True,
stage0,,ec4f105cf9d20883,connection,connection/4/3,0.083333,0.083333,0.1667,53.50,,,False,draw_majority
stage0,,7e9d7eb3a5e2394e,territory,territory/3/2,0.458333,0.458333,1.0000,42.08,,,True,
stage0,,a5ce0c6c74f3d00a,connection,connection/4/1,0.208333,0.208333,1.0000,12.62,,,True,
stage0,,a4e64c5a94362e0e,connection,connection/1/2,0.479167,0.479167,0.9583,38.21,,,True,
stage0,,24c2097afce1c42e,elimination,elimination/0/0,0.000000,0.000000,1.0000,1.00,,,False,too_short
stage0,,c850ebba26a8d4d3,connection,connection/2/2,0.500000,0.500000,1.0000,47.92,,,True,
stage0,,2387ebdfd4321c12,connection,connection/4/1,0.250000,0.250000,1.0000,22.17,,,True,
stage0,,9e21105ca502f029,connection,connection/1/0,0.333333,0.333333,1.0000,10.83,,,True,
stage0,,f7972efd830cbc6c,connection,connection/3/1,0.062500,0.062500,0.7917,42.38,,,True,
stage0,,4f24759c2016c5ab,connection,connection/0/0,0.000000,0.000000,0.0000,2.00,,,False,draw_majority
stage0,,624501654c93ec69,connection,connection/2/1,0.437500,0.437500,0.9583,16.62,,,True,
stage0,,2cd3f337706666e2,threshold,threshold/4/3,0.270833,0.270833,0.5417,88.46,,,True,
stage0,,bc71ace789b87033,elimination,elimination/0/0,0.000000,0.000000,1.0000,1.00,,,False,too_short
stage0,,35bbf941a895c14d,territory,territory/3/2,0.000000,0.000000,1.0000,59.00,,,True,
stage0,,866574be004e6346,connection,connection/3/3,0.291667,0.291667,0.5833,63.50,,,True,
stage0,,695e808ce3655fc6,threshold,threshold/3/2,0.416667,0.416667,1.0000,76.92,,,True,
stage0,,18f1c21902e0c41a,connection,connection/4/2,-0.041667,0.000000,1.0000,12.12,,,True,
stage0,,bb528ceca461ffc1,territory,territory/4/4,0.062500,0.062500,0.1250,69.71,,,False,draw_majority
stage0,,99ede45afc31807d,territory,territory/2/2,-0.083333,0.000000,1.0000,44.58,,,True,
stage0,,7cdd64e02b1ae73b,connection,connection/4/1,0.395833,0.395833,0.9583,13.96,,,True,
stage0,,a028bbc0d59f100b,connection,connection/4/2,0.333333,0.333333,0.7500,48.04,,,True,
stage0,,85ea17dcae676e8d,threshold,threshold/4/2,0.125000,0.125000,0.4167,63.25,,,False,draw_majority
stage0,,cf624c743328c621,threshold,threshold/3/2,0.479167,0.479167,0.9583,81.62,,,True,
stage0,,e82f220bde55d72e,territory,territory/2/1,0.000000,0.000000,1.0000,40.83,,,True,
stage0,,e961aa45d34bcf22,elimination,elimination/0/0,0.000000,0.000000,1.0000,1.00,,,False,too_short
stage0,,e2bd302a93b20375,threshold,threshold/4/3,0.333333,0.333333,0.6667,93.25,,,True,
stage0,,6ea1efa04b2fd1e7,connection,connection/3/1,0.166667,0.166667,1.0000,17.42,,,True,
stage0,,a60d4462eae61b5e,connection,connection/4/3,0.250000,0.250000,1.0000,79.33,,,True,
stage0,,5e7b8899abde1216,connection,connection/2/1,0.500000,0.500000,1.0000,10.58,,,True,
stage0,,c9033f2bfbbd484e,territory,territory/4/2,0.291667,0.291667,1.0000,51.83,,,True,
stage0,,96602b47df0ae86c,elimination,elimination/0/0,0.000000,0.000000,1.0000,1.00,,,False,too_short
stage0,,f9d2425f4b55e10a,connection,connection/4/1,0.270833,0.270833,0.7083,28.46,,,True,
stage0,,b9e5d5cbef429ad3,territory,territory/3/2,0.312500,0.312500,0.9583,59.92,,,True,
stage0,,ad4b78d3e7290347,connection,connection/4/1,0.125000,0.125000,1.0000,9.71,,,True,
stage0,,eaa0012617587bb9,territory,territory/4/2,0.166667,0.166667,0.3333,56.79,,,False,draw_majority
stage0,,1441680a0e216b4d,connection,connection/3/3,0.041667,0.041667,0.1667,77.62,,,False,draw_majority
stage0,,4e6899db82df56c7,elimination,elimination/0/0,0.000000,0.000000,1.0000,1.00,,,False,too_short
stage0,,093ad70ca43242d1,threshold,threshold/3/2,0.500000,0.500000,1.0000,66.83,,,True,
stage0,,fc62c6d89ac0751d,threshold,threshold/3/2,-0.062500,0.000000,0.9583,50.21,,,True,
stage0,,242a5bf4d12d57d0,elimination,elimination/0/0,0.000000,0.000000,1.0000,1.00,,,False,too_short
stage0,,6de57b6e89647c64,elimination,elimination/0/0,0.000000,0.000000,1.0000,1.00,,,False,too_short
stage0,,43fc76aa3cc8f0ba,elimination,elimination/0/0,0.000000,0.000000,1.0000,1.00,,,False,too_short
stage0,,cafc06c2ed38d0b9,threshold,threshold/3/1,0.083333,0.083333,1.0000,26.25,,,True,
stage0,,5b387b192e6d5dc5,connection,connection/2/2,0.479167,0.479167,0.9583,42.50,,,True,
stage0,,208de68b235e2a63,threshold,threshold/3/1,0.000000,0.000000,1.0000,27.17,,,True,
stage0,,4f127435ae6ea426,connection,connection/1/1,0.375000,0.375000,0.9167,29.00,,,True,
stage0,,83653205563ba660,threshold,threshold/4/1,0.437500,0.437500,0.9583,38.21,,,True,
stage0,,1f380a26cb7b4c86,threshold,threshold/3/1,0.000000,0.000000,1.0000,34.25,,,True,
stage0,,fbd830c30bdd9268,threshold,threshold/4/1,0.104167,0.104167,0.2917,49.67,,,False,draw_majority
stage0,,fcf180e3538bc838,connection,connection/4/2,0.208333,0.208333,1.0000,37.12,,,True,
stage0,,74015607e439c673,territory,territory/4/3,0.020833,0.020833,0.0417,65.71,,,False,draw_majority
stage0,,3859a19474a4317e,elimination,elimination/0/0,0.000000,0.000000,1.0000,1.00,,,False,too_short
stage0,,6675bcd98743ec50,territory,territory/4/4,0.041667,0.041667,0.1667,72.54,,,False,draw_majority
stage0,,0cb776ad5164cf68,connection,connection/3/1,0.291667,0.291667,1.0000,14.46,,,True,
stage0,,8f0dcbb08314d2dd,connection,connection/4/2,0.166667,0.166667,1.0000,23.75,,,True,
stage0,,07da3bcd9b15eb9a,connection,connection/1/2,0.458333,0.458333,0.9167,35.17,,,True,
stage0,,4e2cb390d69b4379,connection,connection/3/1,0.083333,0.083333,1.0000,24.83,,,True,
stage0,,9cbc9ed9ad6a0ee1,threshold,threshold/4/2,-0.229167,0.000000,0.8750,54.83,,,True,
stage0,,f21aced74d817392,connection,connection/3/2,0.333333,0.333333,0.8333,46.88,,,True,
stage0,,0ea6970e666e8a0a,connection,connection/3/1,0.458333,0.458333,1.0000,12.79,,,True,
stage0,,23d6fc9e5232617f,connection,connection/4/1,0.166667,0.166667,1.0000,12.67,,,True,
stage0,,f46823107cc610a8,connection,connection/4/1,0.166667,0.166667,1.0000,15.67,,,True,
stage0,,a54f4b3506b62843,connection,connection/4/1,0.375000,0.375000,1.0000,43.75,,,True,
stage0,,ba341cef21a96cc8,territory,territory/4/2,0.041667,0.041667,1.0000,50.88,,,True,
stage0,,79e8af6789d9c179,connection,connection/4/1,0.375000,0.375000,1.0000,8.46,,,True,
stage0,,7325b6a7c12007bf,territory,territory/0/0,0.000000,0.000000,0.0000,2.00,,,False,draw_majority
stage0,,c91d0bededd1b336,elimination,elimination/0/0,0.000000,0.000000,1.0000,1.00,,,False,too_short
stage0,,913a8567b7e8a09e,elimination,elimination/0/0,0.000000,0.000000,1.0000,1.00,,,False,too_short
stage0,,4cbd49d74717f60e,connection,connection/4/1,0.208333,0.208333,1.0000,32.79,,,True,
stage0,,9808f5942b294e47,territory,territory/1/0,0.000000,0.000000,0.0000,16.25,,,False,draw_majority
stage0,,ffe33dc526e2121d,connection,connection/1/0,0.000000,0.000000,0.0000,7.00,,,False,draw_majority
stage0,,4d9c5a8671808e76,threshold,threshold/3/1,0.000000,0.000000,0.0000,54.17,,,False,draw_majority
stage0,,1914e1dbed0f0809,connection,connection/3/3,0.291667,0.291667,0.5833,62.58,,,True,
stage0,,93c3dc99cbd13972,connection,connection/2/2,0.166667,0.166667,0.3333,57.25,,,False,draw_majority
stage0,,0cc36dc16e94506c,threshold,threshold/4/3,-0.062500,0.000000,0.7083,70.92,,,True,
stage0,,e05d2fb7fce5f7df,threshold,threshold/3/1,0.250000,0.250000,1.0000,35.17,,,True,
stage0,,58577486c5d4dcb6,territory,,,,,,,,False,eval_failed
stage0,,8f31941da94cb40a,threshold,,,,,,,,False,eval_failed
stage0,,bf84117ce2dc3db9,connection,connection/2/1,0.041667,0.041667,0.0833,44.92,,,False,draw_majority
stage0,,4e5675639ebdec08,elimination,elimination/0/0,0.000000,0.000000,1.0000,1.00,,,False,too_short
stage0,,93c7807e16042de4,connection,connection/4/3,0.020833,0.020833,0.1250,58.12,,,False,draw_majority
stage0,,f9b5e1b233172bef,threshold,threshold/3/1,0.479167,0.479167,0.9583,60.50,,,True,
stage0,,a516c8a6cfe39adc,territory,territory/2/1,0.083333,0.083333,0.5000,79.83,,,True,
stage0,,98083216ed9dd5d9,threshold,threshold/4/2,0.062500,0.062500,0.7917,57.38,,,True,
stage0,,88106389ca764903,territory,territory/4/3,0.000000,0.000000,1.0000,63.00,,,True,
stage0,,a7ab7a67daac440f,connection,connection/4/1,0.333333,0.333333,1.0000,19.17,,,True,
stage0,,4783659a2d882218,elimination,elimination/0/0,0.000000,0.000000,1.0000,1.00,,,False,too_short
stage0,,b17745510c7f4634,connection,connection/3/1,0.125000,0.125000,1.0000,16.21,,,True,
stage0,,1c62079ac02763de,connection,connection/4/1,0.312500,0.312500,0.9583,20.50,,,True,
stage0,,8b81926402cd3a93,connection,connection/3/1,0.062500,0.062500,0.2083,25.38,,,False,draw_majority
stage0,,8e75e387194344a6,territory,territory/3/1,0.000000,0.000000,0.0000,46.17,,,False,draw_majority
stage0,,3e806ffa5e106212,connection,connection/4/1,0.125000,0.125000,1.0000,8.71,,,True,
stage0,,94cdff75b9d5c405,threshold,threshold/4/3,0.291667,0.291667,0.5833,83.38,,,True,
stage0,,bd3df56e3ba2e09c,connection,connection/4/3,0.125000,0.125000,1.0000,47.33,,,True,
stage0,,a9f150d33b05ae82,elimination,elimination/0/0,0.000000,0.000000,1.0000,1.00,,,False,too_short
stage0,,6a64030781498e68,connection,connection/1/1,0.291667,0.291667,0.8333,27.21,,,True,
stage0,,148350d915664943,threshold,threshold/4/2,-0.250000,0.000000,0.9167,42.29,,,True,
stage0,,dbd111a2c33bd4a4,elimination,elimination/0/0,0.000000,0.000000,1.0000,1.00,,,False,too_short
stage0,,3efde06b47940c64,threshold,threshold/4/1,-0.062500,0.000000,0.6250,48.79,,,True,
stage0,,c7797554fa6489a3,connection,connection/2/2,0.291667,0.291667,0.5833,58.33,,,True,
stage0,,b83bb7b547ec7299,territory,territory/4/2,0.333333,0.333333,0.6667,95.25,,,True,
stage0,,e899683d06e24a47,connection,connection/3/2,0.375000,0.375000,0.7500,59.08,,,True,
stage0,,816b808969086d61,threshold,threshold/0/0,0.000000,0.000000,0.0000,2.00,,,False,draw_majority
stage0,,25eeacc725fd7bf9,connection,connection/3/1,0.062500,0.062500,0.9583,24.96,,,True,
stage0,,b1b5b00742d9db0c,elimination,elimination/0/0,0.000000,0.000000,1.0000,1.00,,,False,too_short
stage0,,e50d4470710e5a0f,elimination,elimination/0/0,0.000000,0.000000,1.0000,1.00,,,False,too_short
stage0,,fb01c55a6cf5e326,elimination,elimination/0/0,0.000000,0.000000,1.0000,1.00,,,False,too_short
stage0,,423c061d305c6b03,territory,territory/3/2,0.333333,0.333333,0.9167,36.71,,,True,
stage0,,b0e51021200fe5dc,territory,territory/3/2,0.250000,0.250000,1.0000,44.08,,,True,
stage0,,ad6e74f8275e7b82,connection,connection/4/2,0.416667,0.416667,1.0000,38.17,,,True,
stage0,,32cf8edeaaabb46d,territory,territory/4/3,0.354167,0.354167,0.8750,82.12,,,True,
stage0,,87ceda4d97d903d9,connection,connection/4/3,0.166667,0.166667,0.3333,74.17,,,False,draw_majority
stage0,,16e8eec93627dd1e,connection,connection/3/1,0.208333,0.208333,1.0000,23.79,,,True,
stage0,,68bc26136db5e335,threshold,threshold/4/2,0.458333,0.458333,1.0000,80.96,,,True,
stage0,,ff35aa2181c817ba,elimination,elimination/0/0,0.000000,0.000000,1.0000,1.00,,,False,too_short
stage0,,32f3d4058a78e9c1,elimination,elimination/0/0,0.000000,0.000000,1.0000,1.00,,,False,too_short
stage0,,5dfcfa2b0559ca91,threshold,threshold/3/2,0.145833,0.145833,0.2917,82.21,,,False,draw_majority
stage0,,4bddcfadad4113f9,threshold,threshold/4/2,0.125000,0.125000,0.8333,52.79,,,True,
stage0,,0ca28d8ed598f51e,threshold,threshold/3/1,0.020833,0.020833,0.9583,38.04,,,True,
stage0,,601390492ff380c6,territory,territory/1/0,0.250000,0.250000,0.5000,36.25,,,True,
stage0,,3efb795ab90337cd,elimination,elimination/0/0,0.000000,0.000000,1.0000,1.00,,,False,too_short
stage0,,50f00eeff73f77f8,threshold,threshold/4/1,0.500000,0.500000,1.0000,40.25,,,True,
stage0,,13af740d6ce04625,threshold,threshold/4/2,-0.312500,0.000000,0.9583,53.08,,,True,
stage0,,0e7f2e5434454a39,connection,connection/2/2,0.354167,0.354167,0.7083,54.83,,,True,
stage0,,7c46b60fabd9aecf,threshold,threshold/3/1,0.083333,0.083333,0.6667,83.83,,,True,
final_elite,M,8f1f95ef38f6206b,connection,connection/0/1,0.479167,0.479167,,,0.500000,1,,
final_elite,M,d79de0c4a2f270f4,connection,connection/0/2,0.416667,0.416667,,,0.479167,1,,
final_elite,M,f304e4efbd63c66b,connection,connection/1/1,0.500000,0.500000,,,0.500000,1,,
final_elite,M,2a48b047cfedb14c,connection,connection/1/2,0.500000,0.500000,,,0.494792,2,,
final_elite,M,594051c7ba8a8ba1,connection,connection/1/3,0.229167,0.229167,,,0.276042,2,,
final_elite,M,5e7b8899abde1216,connection,connection/2/1,0.500000,0.500000,,,0.432292,2,,
final_elite,M,9fb26e7b5ddedfc4,connection,connection/2/2,0.500000,0.500000,,,0.500000,1,,
final_elite,M,26725d0742b6a7eb,connection,connection/2/3,0.291667,0.291667,,,0.385417,1,,
final_elite,M,c8041cc3f60393a4,connection,connection/3/0,0.333333,0.333333,,,0.364583,2,,
final_elite,M,17f660bc480f84f1,connection,connection/3/1,0.500000,0.500000,,,0.468750,2,,
final_elite,M,fd130af745a96a78,connection,connection/3/2,0.500000,0.500000,,,0.489583,2,,
final_elite,M,39b3ea4e8ad98a40,connection,connection/3/3,0.375000,0.375000,,,0.458333,1,,
final_elite,M,b461c5160c5ed042,connection,connection/4/1,0.500000,0.500000,,,0.447917,2,,
final_elite,M,eb87eae703d22a7d,connection,connection/4/2,0.458333,0.458333,,,0.479167,2,,
final_elite,M,d78fee90fc81d699,connection,connection/4/3,0.375000,0.375000,,,0.354167,2,,
final_elite,M,c2a32e5b9c5ebc9f,territory,territory/1/1,0.458333,0.458333,,,0.468750,1,,
final_elite,M,8f78769b961b0fe1,territory,territory/2/1,0.500000,0.500000,,,0.500000,1,,
final_elite,M,b5e3a726194d035f,territory,territory/2/2,0.145833,0.145833,,,0.072917,1,,
final_elite,M,6f0b2c1b15c0ec39,territory,territory/3/0,0.500000,0.500000,,,0.447917,2,,
final_elite,M,91f81c072bf996ee,territory,territory/3/1,0.500000,0.500000,,,0.489583,1,,
final_elite,M,60be24e4f0069e67,territory,territory/3/2,0.479167,0.479167,,,0.489583,2,,
final_elite,M,627eb70b77ed524d,territory,territory/4/0,0.500000,0.500000,,,0.500000,2,,
final_elite,M,af20a5d893042a1b,territory,territory/4/1,0.500000,0.500000,,,0.500000,2,,
final_elite,M,4bd427aed7def9c0,territory,territory/4/2,0.500000,0.500000,,,0.489583,1,,
final_elite,M,764ad3ae50ec0f7d,territory,territory/4/3,0.479167,0.479167,,,0.500000,1,,
final_elite,M,1c55e13164aebb8a,territory,territory/4/4,0.437500,0.437500,,,0.447917,1,,
final_elite,R,cda5f835d37a4f74,connection,connection/1/1,0.500000,0.500000,,,0.500000,2,,
final_elite,R,2a48b047cfedb14c,connection,connection/1/2,0.500000,0.500000,,,0.494792,2,,
final_elite,R,5e7b8899abde1216,connection,connection/2/1,0.500000,0.500000,,,0.432292,2,,
final_elite,R,5b387b192e6d5dc5,connection,connection/2/2,0.479167,0.479167,,,0.489583,2,,
final_elite,R,17f660bc480f84f1,connection,connection/3/1,0.500000,0.500000,,,0.468750,2,,
final_elite,R,fd130af745a96a78,connection,connection/3/2,0.500000,0.500000,,,0.489583,2,,
final_elite,R,7c9c662541824dba,connection,connection/3/3,0.395833,0.395833,,,0.468750,2,,
final_elite,R,b461c5160c5ed042,connection,connection/4/1,0.500000,0.500000,,,0.447917,2,,
final_elite,R,386bca7f04e63df7,connection,connection/4/2,0.500000,0.500000,,,0.458333,1,,
final_elite,R,a60d4462eae61b5e,connection,connection/4/3,0.250000,0.250000,,,0.401042,2,,
final_elite,R,21e02e73648b3c47,territory,territory/3/1,0.416667,0.416667,,,0.458333,2,,
final_elite,R,7e9d7eb3a5e2394e,territory,territory/3/2,0.458333,0.458333,,,0.484375,2,,
final_elite,R,ea46d5584c71381a,territory,territory/4/2,0.479167,0.479167,,,0.479167,1,,
final_elite,R,948104aadf03536e,territory,territory/4/3,0.416667,0.416667,,,0.427083,1,,
final_elite,R,a0b482b5d84701ee,territory,territory/4/4,0.437500,0.437500,,,0.364583,1,,
final_elite,R,75667a0d1217ffe5,threshold,threshold/4/2,0.500000,0.500000,,,0.489583,2,,
final_elite,R,a6b767b0c07daf34,threshold,threshold/4/3,0.270833,0.270833,,,0.322917,1,,
