substrate,dim,game_id,generation,n_runs,stored_ge,rescued_ge,delta,ratio,depth_orig,depth_resc,tvr_orig,tvr_resc,rescuable
vicsek,1.465,02010fa1c555,5,3,0.000321,0.000321,+0.000000,1.0000,0.0741,0.0741,0.0000,0.0000,1
vicsek,1.465,0626bb999f87,2,3,0.000143,0.000143,+0.000000,1.0000,0.0741,0.0741,0.0000,0.0000,1
vicsek,1.465,08715a002a3f,3,3,0.000000,0.000000,+0.000000,1.0000,0.0741,0.0741,0.0000,0.0000,0
vicsek,1.465,0db282079c4d,6,6,0.000000,0.000000,+0.000000,1.0000,0.0741,0.0741,0.0000,0.0000,0
vicsek,1.465,13d9dffa486c,3,3,0.000000,0.000000,+0.000000,1.0000,0.5663,0.5663,0.7400,0.7400,0
vicsek,1.465,145457897d5d,5,3,0.000428,0.000428,+0.000000,1.0000,0.0741,0.0741,0.0000,0.0000,1
vicsek,1.465,1c297c1ec81a,2,3,0.000000,0.000000,+0.000000,1.0000,0.5327,0.5327,1.0000,1.0000,0
vicsek,1.465,1e11adebcc35,7,12,0.052520,0.005050,-0.047470,0.0962,0.7919,0.4426,0.9400,0.4517,1
vicsek,1.465,1fa74d827eac,1,3,0.000217,0.000217,+0.000000,1.0000,0.0741,0.0741,0.0000,0.0000,1
vicsek,1.465,2087b73ce0c2,6,3,0.000000,0.000000,+0.000000,1.0000,0.5856,0.5856,0.6000,0.6000,0
vicsek,1.465,2704ae892450,5,3,0.000428,0.000428,+0.000000,1.0000,0.0741,0.0741,0.0000,0.0000,1
vicsek,1.465,2bdbc09364ba,4,3,0.000000,0.000000,+0.000000,1.0000,0.0741,0.0741,0.0000,0.0000,0
vicsek,1.465,2f904cdf7c43,7,3,0.000000,0.000000,+0.000000,1.0000,0.0741,0.0741,0.0000,0.0000,0
vicsek,1.465,3538e3b7d507,3,12,0.000321,0.000321,+0.000000,1.0000,0.0741,0.0741,0.0000,0.0000,1
vicsek,1.465,37c5fa164808,7,3,0.000000,0.000000,+0.000000,1.0000,0.0741,0.0741,0.0000,0.0000,0
vicsek,1.465,3e33876ea5b5,2,3,0.000229,0.000229,+0.000000,1.0000,0.0741,0.0741,0.0000,0.0000,1
vicsek,1.465,405a51be3584,6,3,0.000254,0.000254,+0.000000,1.0000,0.0741,0.0741,0.0000,0.0000,1
vicsek,1.465,46f8c1c84ce1,4,3,0.000298,0.000298,+0.000000,1.0000,0.0741,0.0741,0.0000,0.0000,1
vicsek,1.465,47057b4d8a77,2,3,0.000000,0.000000,+0.000000,1.0000,0.0741,0.0741,0.0000,0.0000,0
vicsek,1.465,470d6807383e,4,3,0.000428,0.000428,+0.000000,1.0000,0.0741,0.0741,0.0000,0.0000,1
vicsek,1.465,488e8462c83e,3,9,0.000245,0.000245,+0.000000,1.0000,0.0741,0.0741,0.0000,0.0000,1
vicsek,1.465,49c8455d5eb9,4,6,0.000428,0.000428,+0.000000,1.0000,0.0741,0.0741,0.0000,0.0000,1
vicsek,1.465,49cf3207bcbd,0,3,0.000000,0.000000,+0.000000,1.0000,0.0741,0.0741,0.0000,0.0000,0
vicsek,1.465,4a19c61b729d,5,3,0.000313,0.000313,+0.000000,1.0000,0.0741,0.0741,0.0000,0.0000,1
vicsek,1.465,4c53d2ad3bdb,7,6,0.000323,0.000323,+0.000000,1.0000,0.0741,0.0741,0.0000,0.0000,1
vicsek,1.465,4cf7517e2153,0,3,0.000000,0.000000,+0.000000,1.0000,0.0741,0.0741,0.0000,0.0000,0
vicsek,1.465,51bbe5874786,4,3,0.000429,0.000429,+0.000000,1.0000,0.0741,0.0741,0.0000,0.0000,1
vicsek,1.465,526d592b15f2,3,3,0.000000,0.000000,+0.000000,1.0000,0.0741,0.0741,0.0000,0.0000,0
vicsek,1.465,5473ba1252f7,4,3,0.000272,0.000272,+0.000000,1.0000,0.0741,0.0741,0.0000,0.0000,1
vicsek,1.465,54a22d96a0be,7,3,0.000000,0.000000,+0.000000,1.0000,0.5657,0.5657,0.4800,0.4800,0
vicsek,1.465,5553cb8dea02,3,3,0.000000,0.000000,+0.000000,1.0000,0.5904,0.5904,0.8000,0.8000,0
vicsek,1.465,567e1e661ce2,7,6,0.033384,0.013020,-0.020364,0.3900,0.8273,0.5288,0.9600,0.5400,1
vicsek,1.465,581bd0f647a2,5,3,0.000245,0.000245,+0.000000,1.0000,0.0741,0.0741,0.0000,0.0000,1
vicsek,1.465,5c20af03685c,4,6,0.000000,0.000000,+0.000000,1.0000,0.0741,0.0741,0.0000,0.0000,0
vicsek,1.465,5c37d600c7c4,7,3,0.000436,0.000436,+0.000000,1.0000,0.0741,0.0741,0.0000,0.0000,1
vicsek,1.465,62095031e9a5,6,3,0.000431,0.000431,+0.000000,1.0000,0.0741,0.0741,0.0000,0.0000,1
vicsek,1.465,636a2d851f0a,5,3,0.000429,0.000429,+0.000000,1.0000,0.0741,0.0741,0.0000,0.0000,1
vicsek,1.465,63da2aa5d1d3,5,3,0.000000,0.000000,+0.000000,1.0000,0.0741,0.0741,0.0000,0.0000,0
vicsek,1.465,661d6d617fbb,4,3,0.000000,0.000000,+0.000000,1.0000,0.0741,0.0741,0.0000,0.0000,0
vicsek,1.465,6a4883f954af,4,3,0.000000,0.000000,+0.000000,1.0000,0.0741,0.0741,0.0000,0.0000,0
vicsek,1.465,72ca6b832974,2,3,0.000000,0.000000,+0.000000,1.0000,0.0741,0.0741,0.0000,0.0000,0
vicsek,1.465,7601f111e6d9,7,3,0.000000,0.000000,+0.000000,1.0000,0.0741,0.0741,0.0000,0.0000,0
vicsek,1.465,76ed441cbdb7,2,6,0.000266,0.000266,+0.000000,1.0000,0.0741,0.0741,0.0000,0.0000,1
vicsek,1.465,7728db117770,7,3,0.000000,0.000000,+0.000000,1.0000,0.0741,0.0741,0.0000,0.0000,0
vicsek,1.465,7b7691ee8a3d,1,6,0.000000,0.000000,+0.000000,1.0000,0.0741,0.0741,0.0000,0.0000,0
vicsek,1.465,7c9d42a4b4c4,2,6,0.000000,0.000000,+0.000000,1.0000,0.0741,0.0741,0.0000,0.0000,0
vicsek,1.465,81252677118f,6,3,0.000000,0.000000,+0.000000,1.0000,0.0741,0.0741,0.0000,0.0000,0
vicsek,1.465,826da2fe8447,3,3,0.000428,0.000428,+0.000000,1.0000,0.0741,0.0741,0.0000,0.0000,1
vicsek,1.465,82d08b734e1b,7,3,0.000291,0.000291,+0.000000,1.0000,0.0741,0.0741,0.0000,0.0000,1
vicsek,1.465,83b49b49999b,4,3,0.000000,0.000000,+0.000000,1.0000,0.0741,0.0741,0.0000,0.0000,0
vicsek,1.465,86df3c113fdf,3,3,0.000428,0.000428,+0.000000,1.0000,0.0741,0.0741,0.0000,0.0000,1
vicsek,1.465,8aa56187f2eb,7,3,0.000313,0.000313,+0.000000,1.0000,0.0741,0.0741,0.0000,0.0000,1
vicsek,1.465,8df279e0060b,3,3,0.000428,0.000428,+0.000000,1.0000,0.0741,0.0741,0.0000,0.0000,1
vicsek,1.465,8e79a248653b,1,3,0.000000,0.000000,+0.000000,1.0000,0.0741,0.0741,0.0000,0.0000,0
vicsek,1.465,8edd3c0d3674,5,3,0.000000,0.000000,+0.000000,1.0000,0.0741,0.0741,0.0000,0.0000,0
vicsek,1.465,933e60d4973b,5,3,0.000000,0.000000,+0.000000,1.0000,0.3141,0.3141,0.4600,0.4600,0
vicsek,1.465,94e30f5923a7,7,3,0.000000,0.000000,+0.000000,1.0000,0.0741,0.0741,0.0000,0.0000,0
vicsek,1.465,9710adc953f7,1,6,0.000000,0.000000,+0.000000,1.0000,0.0741,0.0741,0.0000,0.0000,0
vicsek,1.465,a0db3fe1f011,0,3,0.000000,0.000000,+0.000000,1.0000,0.5370,0.5370,1.0000,1.0000,0
vicsek,1.465,a4783cc6541b,7,3,0.000431,0.000431,+0.000000,1.0000,0.0741,0.0741,0.0000,0.0000,1
vicsek,1.465,a5d36b1a632f,6,6,0.000331,0.000331,+0.000000,1.0000,0.0741,0.0741,0.0000,0.0000,1
vicsek,1.465,a6b1eed20d08,5,6,0.000252,0.000252,+0.000000,1.0000,0.0741,0.0741,0.0000,0.0000,1
vicsek,1.465,a8173ef14b14,7,3,0.033160,0.002896,-0.030263,0.0873,0.7407,0.3333,0.8600,0.2867,1
vicsek,1.465,a9b3b266e46b,5,6,0.000428,0.000428,+0.000000,1.0000,0.0741,0.0741,0.0000,0.0000,1
vicsek,1.465,a9d2d156b5f1,6,3,0.000000,0.000000,+0.000000,1.0000,0.0741,0.0741,0.0000,0.0000,0
vicsek,1.465,ab46a720da36,5,3,0.000000,0.000000,+0.000000,1.0000,0.0741,0.0741,0.0000,0.0000,0
vicsek,1.465,ab8bd83e558a,7,6,0.050658,0.023827,-0.026831,0.4704,0.8353,0.5013,0.9200,0.5833,1
vicsek,1.465,accf753f9a3b,5,6,0.000428,0.000428,+0.000000,1.0000,0.0741,0.0741,0.0000,0.0000,1
vicsek,1.465,ada6fc9f8ae6,6,3,0.000304,0.000304,+0.000000,1.0000,0.0741,0.0741,0.0000,0.0000,1
vicsek,1.465,adbdda429dbb,4,9,0.000428,0.000428,+0.000000,1.0000,0.0741,0.0741,0.0000,0.0000,1
vicsek,1.465,b11bc59a5a75,0,3,0.000000,0.000000,+0.000000,1.0000,0.0741,0.0741,0.0000,0.0000,0
vicsek,1.465,b29de9426e49,5,3,0.000428,0.000428,+0.000000,1.0000,0.0741,0.0741,0.0000,0.0000,1
vicsek,1.465,b51d5def45dd,5,3,0.000333,0.000333,+0.000000,1.0000,0.0741,0.0741,0.0000,0.0000,1
vicsek,1.465,bdb8f190d54f,6,6,0.000000,0.000000,+0.000000,1.0000,0.0741,0.0741,0.0000,0.0000,0
vicsek,1.465,bfbfae9ca90e,2,3,0.000429,0.000429,+0.000000,1.0000,0.0741,0.0741,0.0000,0.0000,1
vicsek,1.465,c25cf88a87d1,4,6,0.000311,0.000311,+0.000000,1.0000,0.0741,0.0741,0.0000,0.0000,1
vicsek,1.465,c31c8c8d57c0,6,3,0.000000,0.000000,+0.000000,1.0000,0.0741,0.0741,0.0000,0.0000,0
vicsek,1.465,c730a0221e68,2,3,0.000000,0.000000,+0.000000,1.0000,0.4074,0.4074,1.0000,1.0000,0
vicsek,1.465,c831f3ff0065,6,3,0.000000,0.000000,+0.000000,1.0000,0.4911,0.4911,1.0000,1.0000,0
vicsek,1.465,c8454fce7b64,4,3,0.000000,0.000000,+0.000000,1.0000,0.0741,0.0741,0.0000,0.0000,0
vicsek,1.465,cb673071edfd,7,3,0.000299,0.000299,+0.000000,1.0000,0.0741,0.0741,0.0000,0.0000,1
vicsek,1.465,cbb4e6768e74,7,3,0.000323,0.000323,+0.000000,1.0000,0.0741,0.0741,0.0000,0.0000,1
vicsek,1.465,cc53de1fc2b5,4,3,0.000000,0.000000,+0.000000,1.0000,0.0741,0.0741,0.0000,0.0000,0
vicsek,1.465,cd046af9b256,7,3,0.000000,0.000000,+0.000000,1.0000,0.0809,0.0809,0.0000,0.0000,0
vicsek,1.465,d67caf977787,7,3,0.000000,0.000000,+0.000000,1.0000,0.4304,0.4304,0.4800,0.4800,0
vicsek,1.465,e2bc72b13fbb,3,3,0.000428,0.000428,+0.000000,1.0000,0.0741,0.0741,0.0000,0.0000,1
vicsek,1.465,e367f546b18c,6,3,0.000000,0.000000,+0.000000,1.0000,0.6634,0.6634,1.0000,1.0000,0
vicsek,1.465,e6c2b66a0ff9,7,3,0.000518,0.002760,+0.002242,5.3313,0.0741,0.4102,0.0000,0.2933,1
vicsek,1.465,e7561342d490,4,6,0.000428,0.000428,+0.000000,1.0000,0.0741,0.0741,0.0000,0.0000,1
vicsek,1.465,e7f790de8897,7,6,0.000000,0.000000,+0.000000,1.0000,0.0741,0.0741,0.0000,0.0000,0
vicsek,1.465,e8627d69e327,5,3,0.000000,0.000000,+0.000000,1.0000,0.5687,0.5687,1.0000,1.0000,0
vicsek,1.465,f19ea4af5647,7,3,0.000000,0.000000,+0.000000,1.0000,0.0741,0.0741,0.0000,0.0000,0
vicsek,1.465,f3224fc87dbf,3,3,0.000429,0.000429,+0.000000,1.0000,0.0741,0.0741,0.0000,0.0000,1
triangle,1.585,0030afd4bece,0,3,0.000000,0.000000,+0.000000,1.0000,0.0741,0.0741,0.0000,0.0000,0
triangle,1.585,045da1287067,1,3,0.000000,0.000000,+0.000000,1.0000,0.0741,0.0741,0.0000,0.0000,0
triangle,1.585,08176053c569,6,3,0.000450,0.000450,+0.000000,1.0000,0.0741,0.0741,0.0000,0.0000,1
triangle,1.585,0c60379d2d93,2,3,0.000000,0.000000,+0.000000,1.0000,0.0918,0.0918,0.1200,0.1200,0
triangle,1.585,0e34e01c2f8b,6,6,0.000432,0.000906,+0.000475,2.0994,0.0741,0.1563,0.0000,0.0000,1
triangle,1.585,10f2fe4f5b0b,4,3,0.000000,0.000000,+0.000000,1.0000,0.0741,0.0741,0.0000,0.0000,0
triangle,1.585,12d754e66fe1,7,3,0.000446,0.000892,+0.000445,1.9976,0.0741,0.1486,0.0000,0.0000,1
triangle,1.585,15ab2f2c3301,0,3,0.000000,0.000000,+0.000000,1.0000,0.0741,0.0741,0.0000,0.0000,0
triangle,1.585,1927b2cc86f9,7,3,0.000432,0.000432,+0.000000,1.0000,0.0741,0.0741,0.0000,0.0000,1
triangle,1.585,1c59d2a66ad4,7,6,0.000936,0.001182,+0.000246,1.2627,0.1537,0.1946,0.0000,0.0000,1
triangle,1.585,1d9d3b71d17e,0,3,0.000000,0.000000,+0.000000,1.0000,0.0741,0.0741,0.0000,0.0000,0
triangle,1.585,1df4eef86f63,6,3,0.000000,0.000000,+0.000000,1.0000,0.0741,0.0741,0.0000,0.0000,0
triangle,1.585,21880e6efd8f,5,3,0.000000,0.000000,+0.000000,1.0000,0.0741,0.0741,0.0000,0.0000,0
triangle,1.585,2401ee1acacf,2,6,0.000333,0.000667,+0.000334,2.0049,0.0741,0.1492,0.0000,0.0000,1
triangle,1.585,2ca7ab193870,6,3,0.000432,0.001104,+0.000673,2.5583,0.0741,0.1909,0.0000,0.0000,1
triangle,1.585,2d617f12733d,1,3,0.000000,0.000000,+0.000000,1.0000,0.0741,0.0741,0.0000,0.0000,0
triangle,1.585,2f3e5a4d7465,3,9,0.000429,0.000440,+0.000012,1.0271,0.0741,0.0761,0.0000,0.0000,1
triangle,1.585,33ef433496fe,5,3,0.000432,0.000876,+0.000444,2.0272,0.0741,0.1509,0.0000,0.0000,1
triangle,1.585,356b0fd89563,7,3,0.000432,0.000432,+0.000000,1.0000,0.0741,0.0741,0.0000,0.0000,1
triangle,1.585,3b0972b76d80,0,3,0.000000,0.000000,+0.000000,1.0000,0.0741,0.0741,0.0000,0.0000,0
triangle,1.585,3b532e09a047,7,3,0.000442,0.000442,+0.000000,1.0000,0.0741,0.0741,0.0000,0.0000,1
triangle,1.585,3f4a8843f55c,3,3,0.000000,0.000000,+0.000000,1.0000,0.7279,0.7279,1.0000,1.0000,0
triangle,1.585,40a1d8631379,4,3,0.000327,0.000327,+0.000001,1.0017,0.0741,0.0742,0.0000,0.0000,1
triangle,1.585,48ae0cc4bff1,2,3,0.000000,0.000000,+0.000000,1.0000,0.5512,0.5512,1.0000,1.0000,0
triangle,1.585,4b5c9c1cd82d,3,3,0.000429,0.000429,+0.000000,1.0000,0.0741,0.0741,0.0000,0.0000,1
triangle,1.585,4c140d14e589,7,3,0.000000,0.000000,+0.000000,1.0000,0.0741,0.0741,0.0000,0.0000,0
triangle,1.585,4d0bce405664,4,3,0.000461,0.000986,+0.000525,2.1377,0.1515,0.3305,0.0000,0.0933,1
triangle,1.585,503a28ad6220,6,3,0.000000,0.000000,+0.000000,1.0000,0.5059,0.5059,0.5000,0.5000,0
triangle,1.585,53d3d275a68c,5,9,0.000316,0.000796,+0.000480,2.5191,0.0741,0.1879,0.0000,0.0000,1
triangle,1.585,54ad92037fcd,6,3,0.000000,0.000000,+0.000000,1.0000,0.0741,0.0741,0.0000,0.0000,0
triangle,1.585,558be82199a8,7,3,0.062886,0.059551,-0.003335,0.9470,0.5873,0.5369,1.0000,1.0000,1
triangle,1.585,57b49882536f,6,3,0.000432,0.000872,+0.000440,2.0189,0.0741,0.1502,0.0000,0.0000,1
triangle,1.585,5c9c37f2e257,3,12,0.000320,0.000392,+0.000072,1.2242,0.1559,0.1913,0.0000,0.0000,1
triangle,1.585,5e3bf3688a7c,7,3,0.000000,0.000000,+0.000000,1.0000,0.5227,0.5227,1.0000,1.0000,0
triangle,1.585,5ec691cc9327,3,12,0.000429,0.001301,+0.000872,3.0351,0.0741,0.2269,0.0000,0.0000,1
triangle,1.585,63b64a2bfb02,2,3,0.000000,0.000000,+0.000000,1.0000,0.0741,0.0741,0.0000,0.0000,0
triangle,1.585,6fd89e84edbf,6,12,0.000302,0.000607,+0.000305,2.0099,0.0741,0.1496,0.0000,0.0000,1
triangle,1.585,7005de29e981,5,3,0.000874,0.000871,-0.000004,0.9960,0.1511,0.1505,0.0000,0.0000,1
triangle,1.585,730a6ca25275,4,3,0.000000,0.000000,+0.000000,1.0000,0.5974,0.5974,1.0000,1.0000,0
triangle,1.585,7697331cefb8,7,3,0.000000,0.000000,+0.000000,1.0000,0.5944,0.5944,1.0000,1.0000,0
triangle,1.585,79857ddc8122,4,3,0.000000,0.000000,+0.000000,1.0000,0.0790,0.0790,0.0400,0.0400,0
triangle,1.585,7aeedcb0e51c,7,3,0.000000,0.000000,+0.000000,1.0000,0.0752,0.0752,0.0200,0.0200,0
triangle,1.585,7dcb529d87ad,7,3,0.000439,0.000439,+0.000000,1.0000,0.0741,0.0741,0.0000,0.0000,1
triangle,1.585,7f64f65194b9,5,6,0.000432,0.000577,+0.000145,1.3354,0.2019,0.2707,0.0000,0.0000,1
triangle,1.585,857d0fdbb7e1,7,6,0.000439,0.000308,-0.000131,0.7008,0.4119,0.2865,0.3400,0.0800,1
triangle,1.585,86894a252315,1,3,0.000218,0.000218,+0.000000,1.0017,0.0741,0.0742,0.0000,0.0000,1
triangle,1.585,87f9c806ace9,6,3,0.000000,0.000000,+0.000000,1.0000,0.0741,0.0741,0.0000,0.0000,0
triangle,1.585,88ff75153174,4,9,0.000338,0.001059,+0.000720,3.1295,0.0741,0.2341,0.0000,0.0000,1
triangle,1.585,8a1d3a72da8e,4,3,0.000432,0.001087,+0.000655,2.5159,0.0741,0.1877,0.0000,0.0000,1
triangle,1.585,8c05ffa1fb2e,7,3,0.000888,0.001105,+0.000217,1.2439,0.1526,0.1902,0.0000,0.0000,1
triangle,1.585,8c968f045470,4,6,0.000433,0.001094,+0.000661,2.5248,0.0741,0.1883,0.0000,0.0000,1
triangle,1.585,902be5a94cfd,4,3,0.000429,0.000700,+0.000271,1.6303,0.0741,0.1211,0.0000,0.0000,1
triangle,1.585,91809320e32b,4,3,0.000000,0.000000,+0.000000,1.0000,0.5550,0.5550,1.0000,1.0000,0
triangle,1.585,92c922856877,4,3,0.000228,0.000638,+0.000410,2.7989,0.0741,0.2106,0.0000,0.1000,1
triangle,1.585,938588348233,6,6,0.000288,0.000345,+0.000057,1.1985,0.1607,0.1930,0.0000,0.0000,1
triangle,1.585,95c358136632,0,3,0.000000,0.000000,+0.000000,1.0000,0.5496,0.5496,1.0000,1.0000,0
triangle,1.585,97c4b82ed1da,4,3,0.000429,0.000864,+0.000435,2.0124,0.0741,0.1498,0.0000,0.0000,1
triangle,1.585,9f8179fe1e61,1,3,0.000000,0.000000,+0.000000,1.0000,0.0741,0.0741,0.0000,0.0000,0
triangle,1.585,a1d53ad7bc4c,4,3,0.000429,0.000429,+0.000000,1.0000,0.0741,0.0741,0.0000,0.0000,1
triangle,1.585,a4dd290f4cf0,4,3,0.000000,0.000000,+0.000000,1.0000,0.0741,0.0741,0.0000,0.0000,0
triangle,1.585,a5a821a11fc0,6,3,0.000000,0.000000,+0.000000,1.0000,0.0741,0.0741,0.0000,0.0000,0
triangle,1.585,afaba91fcbcf,5,3,0.000288,0.000288,+0.000000,1.0000,0.0741,0.0741,0.0000,0.0000,1
triangle,1.585,affa87c16f0d,7,3,0.000000,0.000000,+0.000000,1.0000,0.0741,0.0741,0.0000,0.0000,0
triangle,1.585,b0e465bda105,7,3,0.000506,0.000444,-0.000062,0.8780,0.4378,0.3831,0.0200,0.0067,1
triangle,1.585,b1b4b38a6c15,7,3,0.000910,0.001343,+0.000432,1.4750,0.1563,0.2316,0.0000,0.0000,1
triangle,1.585,b217bc8bbdf6,6,3,0.000432,0.000873,+0.000441,2.0222,0.0741,0.1505,0.0000,0.0000,1
triangle,1.585,b3413fffae90,7,3,0.000892,0.000883,-0.000009,0.9894,0.1507,0.1491,0.0000,0.0000,1
triangle,1.585,b5b0b5766323,4,3,0.000000,0.000000,+0.000000,1.0000,0.0967,0.0967,0.0800,0.0800,0
triangle,1.585,b6a8df095e9e,4,3,0.000258,0.000520,+0.000262,2.0173,0.0741,0.1501,0.0000,0.0000,1
triangle,1.585,b9f464acf44c,5,3,0.000000,0.000000,+0.000000,1.0000,0.0741,0.0741,0.0000,0.0000,0
triangle,1.585,bb2bd978d6c0,7,3,0.000432,0.001588,+0.001156,3.6729,0.0741,0.2754,0.0000,0.0000,1
triangle,1.585,beb5faba664a,7,6,0.000453,0.001198,+0.000745,2.6448,0.0741,0.1974,0.0000,0.0000,1
triangle,1.585,c04bc1789a5b,6,6,0.000302,0.000610,+0.000308,2.0189,0.0741,0.1502,0.0000,0.0000,1
triangle,1.585,c11709ec0677,6,3,0.000000,0.000000,+0.000000,1.0000,0.7024,0.7024,1.0000,1.0000,0
triangle,1.585,c6930e76ba53,3,6,0.000428,0.000420,-0.000009,0.9799,0.1519,0.1488,0.0000,0.0000,1
triangle,1.585,c6f23b9bd0f5,5,3,0.000309,0.000641,+0.000332,2.0765,0.0741,0.1546,0.0000,0.0000,1
triangle,1.585,c8f1927d1bea,7,6,0.000000,0.000000,+0.000000,1.0000,0.5113,0.5113,1.0000,1.0000,0
triangle,1.585,c94cc4026d02,1,3,0.000000,0.000000,+0.000000,1.0000,0.0741,0.0741,0.0000,0.0000,0
triangle,1.585,d1abb11b7947,3,3,0.000429,0.000862,+0.000433,2.0107,0.0741,0.1496,0.0000,0.0000,1
triangle,1.585,d2eeb38ce6fc,7,3,0.000000,0.000000,+0.000000,1.0000,0.4999,0.4999,1.0000,1.0000,0
triangle,1.585,d7aac436ba30,1,6,0.000000,0.000000,+0.000000,1.0000,0.0741,0.0741,0.0000,0.0000,0
triangle,1.585,dbde6f20b96e,6,3,0.000288,0.000288,+0.000000,1.0000,0.0741,0.0741,0.0000,0.0000,1
triangle,1.585,df769b3c2842,5,3,0.000000,0.000000,+0.000000,1.0000,0.0741,0.0741,0.0000,0.0000,0
triangle,1.585,e6cb1504fc33,7,3,0.000000,0.000000,+0.000000,1.0000,0.0741,0.0741,0.0000,0.0000,0
triangle,1.585,ee44a9122d60,5,6,0.000432,0.000408,-0.000024,0.9442,0.1589,0.1499,0.0000,0.0000,1
triangle,1.585,f140e0bee21b,6,3,0.000434,0.000434,+0.000000,1.0000,0.0741,0.0741,0.0000,0.0000,1
carpet,1.893,01261b44fef4,4,3,0.000000,0.000000,+0.000000,1.0000,0.0741,0.0741,0.0000,0.0000,0
carpet,1.893,04f5f3f8872f,0,3,0.000000,0.000000,+0.000000,1.0000,0.0741,0.0741,0.0000,0.0000,0
carpet,1.893,09e3fc0ae0af,7,12,0.000000,0.000000,+0.000000,1.0000,0.8378,0.8378,0.0000,0.0000,0
carpet,1.893,1989921a3edd,4,3,0.000000,0.000000,+0.000000,1.0000,0.0741,0.0741,0.0000,0.0000,0
carpet,1.893,1f74e2e49e77,7,3,0.027505,0.003699,-0.023806,0.1345,0.6684,0.4252,0.7600,0.4067,1
carpet,1.893,26847e778517,1,3,0.000000,0.000000,+0.000000,1.0000,0.0741,0.0741,0.0000,0.0000,0
carpet,1.893,276608fd27f8,4,3,0.000000,0.000000,+0.000000,1.0000,0.0741,0.0741,0.0000,0.0000,0
carpet,1.893,2d1cfb8a3bb0,2,3,0.000000,0.000000,+0.000000,1.0000,0.0741,0.0741,0.0000,0.0000,0
carpet,1.893,2fac81f583e7,4,3,0.000000,0.000000,+0.000000,1.0000,0.0741,0.0741,0.0000,0.0000,0
carpet,1.893,387b7349ba27,3,3,0.000000,0.000000,+0.000000,1.0000,0.0741,0.0741,0.0000,0.0000,0
carpet,1.893,3d5e28cc49b9,7,9,0.000000,0.000000,+0.000000,1.0000,0.0741,0.0741,0.0000,0.0000,0
carpet,1.893,3d832e50a4f9,1,3,0.000000,0.000000,+0.000000,1.0000,0.0741,0.0741,0.0000,0.0000,0
carpet,1.893,3db57b685f55,6,3,0.000000,0.000000,+0.000000,1.0000,0.0741,0.0741,0.0000,0.0000,0
carpet,1.893,48ffef65f363,1,3,0.000000,0.000000,+0.000000,1.0000,0.0741,0.0741,0.0000,0.0000,0
carpet,1.893,4f0247a13700,7,3,0.002023,0.001500,-0.000523,0.7416,0.3076,0.2260,0.3400,0.1133,1
carpet,1.893,519c6f5d25f4,3,3,0.000000,0.000000,+0.000000,1.0000,0.0741,0.0741,0.0000,0.0000,0
carpet,1.893,6140dcfafcd1,3,3,0.000000,0.000000,+0.000000,1.0000,0.0741,0.0741,0.0000,0.0000,0
carpet,1.893,6681723ab118,4,3,0.000000,0.000000,+0.000000,1.0000,0.0741,0.0741,0.0000,0.0000,0
carpet,1.893,697d6c20b97d,4,3,0.000000,0.000000,+0.000000,1.0000,0.0741,0.0741,0.0000,0.0000,0
carpet,1.893,6ffa25370ec3,7,6,0.000692,0.000135,-0.000557,0.1949,0.5510,0.4284,0.6000,0.3233,1
carpet,1.893,77cb301925d3,7,24,0.000000,0.000000,+0.000000,1.0000,0.0741,0.0741,0.0000,0.0000,0
carpet,1.893,7a17eb1699bd,2,3,0.000000,0.000000,+0.000000,1.0000,0.0741,0.0741,0.0000,0.0000,0
carpet,1.893,8776b2026957,7,9,0.163339,0.346480,+0.183140,2.1212,0.5057,0.6633,0.5400,0.7844,1
carpet,1.893,90c76de9b665,7,3,0.017606,0.003342,-0.014264,0.1898,0.6061,0.5159,0.6800,0.4533,1
carpet,1.893,9e5733b1faf3,2,3,0.000000,0.000000,+0.000000,1.0000,0.0741,0.0741,0.0000,0.0000,0
carpet,1.893,a09c2053a301,7,3,0.000000,0.000000,+0.000000,1.0000,0.0741,0.0741,0.0000,0.0000,0
carpet,1.893,a2dbf1c3682e,3,3,0.000000,0.000000,+0.000000,1.0000,0.0741,0.0741,0.0000,0.0000,0
carpet,1.893,aeace4201296,3,3,0.000000,0.000000,+0.000000,1.0000,0.0741,0.0741,0.0000,0.0000,0
carpet,1.893,b0a93096e9f2,6,3,0.000000,0.000000,+0.000000,1.0000,0.0741,0.0741,0.0000,0.0000,0
carpet,1.893,b6e35f4c3b05,1,3,0.000000,0.000000,+0.000000,1.0000,0.0741,0.0741,0.0000,0.0000,0
carpet,1.893,ba8cb4344ae4,4,3,0.000000,0.000000,+0.000000,1.0000,0.0741,0.0741,0.0000,0.0000,0
carpet,1.893,be7f4c38471d,2,3,0.000000,0.000000,+0.000000,1.0000,0.0741,0.0741,0.0000,0.0000,0
carpet,1.893,c30c1272a42e,3,3,0.000000,0.000000,+0.000000,1.0000,0.0741,0.0741,0.0000,0.0000,0
carpet,1.893,ccd0bcceecf7,3,3,0.000000,0.000000,+0.000000,1.0000,0.0741,0.0741,0.0000,0.0000,0
carpet,1.893,e4d11cb0ebb5,5,3,0.000000,0.000000,+0.000000,1.0000,0.0741,0.0741,0.0000,0.0000,0
carpet,1.893,e94806a92662,5,3,0.000000,0.000000,+0.000000,1.0000,0.0741,0.0741,0.0000,0.0000,0
carpet,1.893,eabb7cb3dd8f,7,3,0.000000,0.000000,+0.000000,1.0000,0.5348,0.5348,0.7000,0.7000,0
carpet,1.893,ebd9ca971c21,4,3,0.000000,0.000000,+0.000000,1.0000,0.0741,0.0741,0.0000,0.0000,0
carpet,1.893,eed5405ec752,0,3,0.000000,0.000000,+0.000000,1.0000,0.0741,0.0741,0.0000,0.0000,0
carpet,1.893,f1ea821d628e,2,3,0.000000,0.000000,+0.000000,1.0000,0.0741,0.0741,0.0000,0.0000,0
carpet,1.893,f30cb2a3a908,1,3,0.000000,0.000000,+0.000000,1.0000,0.0741,0.0741,0.0000,0.0000,0
carpet,1.893,f797709bd7f4,6,3,0.000000,0.000000,+0.000000,1.0000,0.0741,0.0741,0.0000,0.0000,0
carpet,1.893,f8c3c46b7690,6,3,0.000000,0.000000,+0.000000,1.0000,0.0741,0.0741,0.0000,0.0000,0
carpet,1.893,fd32f5c8c30a,5,3,0.000000,0.000000,+0.000000,1.0000,0.0741,0.0741,0.0000,0.0000,0
carpet,1.893,ffab03c7d192,7,3,0.000000,0.000000,+0.000000,1.0000,0.0741,0.0741,0.0000,0.0000,0
grid,2.000,004977b98085,2,3,0.000000,0.000000,+0.000000,1.0000,0.0741,0.0741,0.0000,0.0000,0
grid,2.000,01a5d3b59051,7,3,0.000689,0.000881,+0.000192,1.2786,0.1681,0.2162,0.0000,0.3333,1
grid,2.000,06d46d34ff5e,0,3,0.000000,0.000000,+0.000000,1.0000,0.0741,0.0741,0.0000,0.0000,0
grid,2.000,0888c52abd4f,6,3,0.000000,0.000000,+0.000000,1.0000,0.1659,0.1659,0.0000,0.0000,0
grid,2.000,1428dd569476,0,3,0.000000,0.000000,+0.000000,1.0000,0.0741,0.0741,0.0000,0.0000,0
grid,2.000,15d7ad5ec9c6,1,3,0.000000,0.000000,+0.000000,1.0000,0.0741,0.0741,0.0000,0.0000,0
grid,2.000,16bddd3789bb,3,3,0.000000,0.000000,+0.000000,1.0000,0.2452,0.2452,0.2200,0.2200,0
grid,2.000,1b92a1854a74,2,3,0.000000,0.000000,+0.000000,1.0000,0.0741,0.0741,0.0000,0.0000,0
grid,2.000,1bc4607ed714,3,3,0.000000,0.000000,+0.000000,1.0000,0.0741,0.0741,0.0000,0.0000,0
grid,2.000,1cc2fe1a305d,2,3,0.000000,0.000000,+0.000000,1.0000,0.0741,0.0741,0.0000,0.0000,0
grid,2.000,1e4c2fdd3935,7,3,0.000000,0.000000,+0.000000,1.0000,0.0741,0.0741,0.0000,0.0000,0
grid,2.000,22c430dc6a4a,7,3,0.000000,0.000000,+0.000000,1.0000,0.0741,0.0741,0.0000,0.0000,0
grid,2.000,237708b3072a,2,3,0.000000,0.000000,+0.000000,1.0000,0.0741,0.0741,0.0000,0.0000,0
grid,2.000,279277cd4f2f,6,3,0.001075,0.005870,+0.004795,5.4603,0.0741,0.4208,0.0000,0.1867,1
grid,2.000,279776ceacf9,7,3,0.000000,0.000000,+0.000000,1.0000,0.0741,0.0741,0.0000,0.0000,0
grid,2.000,27b98eaca06f,3,3,0.000450,0.001123,+0.000673,2.4978,0.0741,0.1863,0.0000,0.0000,1
grid,2.000,2a80a56542c2,6,3,0.000000,0.000000,+0.000000,1.0000,0.0741,0.0741,0.0000,0.0000,0
grid,2.000,2acde311fd63,6,6,0.001495,0.001432,-0.000063,0.9579,0.5816,0.5555,0.4400,0.4400,1
grid,2.000,2bb16fd86289,3,3,0.000000,0.000000,+0.000000,1.0000,0.0741,0.0741,0.0000,0.0000,0
grid,2.000,2d91666e2310,0,3,0.000000,0.000000,+0.000000,1.0000,0.0741,0.0741,0.0000,0.0000,0
grid,2.000,3399fe8b7ced,3,3,0.000000,0.000000,+0.000000,1.0000,0.0741,0.0741,0.0000,0.0000,0
grid,2.000,36af65245bec,5,3,0.000437,0.000904,+0.000467,2.0700,0.0741,0.1541,0.0000,0.0000,1
grid,2.000,3816b4b645e5,2,9,0.001918,0.006956,+0.005038,3.6271,0.0741,0.2719,0.0000,0.0000,1
grid,2.000,398549e95630,2,3,0.000000,0.000000,+0.000000,1.0000,0.0741,0.0741,0.0000,0.0000,0
grid,2.000,408771d6482a,2,3,0.000000,0.000000,+0.000000,1.0000,0.0741,0.0741,0.0000,0.0000,0
grid,2.000,48af11383e25,7,3,0.002039,0.002039,+0.000000,1.0000,0.0741,0.0741,0.0000,0.0000,1
grid,2.000,48d47310310d,4,6,0.000993,0.005238,+0.004245,5.2768,0.0741,0.4060,0.0000,0.1933,1
grid,2.000,49e9817d4c75,2,3,0.000000,0.000000,+0.000000,1.0000,0.0741,0.0741,0.0000,0.0000,0
grid,2.000,4a790a82bf65,1,3,0.000000,0.000000,+0.000000,1.0000,0.0741,0.0741,0.0000,0.0000,0
grid,2.000,4af44dfb7010,7,3,0.000000,0.000000,+0.000000,1.0000,0.0741,0.0741,0.0000,0.0000,0
grid,2.000,4c933231dcd7,4,3,0.000316,0.001479,+0.001163,4.6800,0.0741,0.3526,0.0000,0.0000,1
grid,2.000,510de31abd94,7,3,0.000000,0.000000,+0.000000,1.0000,0.0741,0.0741,0.0000,0.0000,0
grid,2.000,52d52894cc27,6,3,0.000000,0.000000,+0.000000,1.0000,0.0741,0.0741,0.0000,0.0000,0
grid,2.000,538d26317e73,7,12,0.000000,0.000000,+0.000000,1.0000,0.0741,0.0741,0.5400,0.5400,0
grid,2.000,54599b9ae233,0,3,0.000000,0.000000,+0.000000,1.0000,0.0741,0.0741,0.0000,0.0000,0
grid,2.000,57c3530f7915,3,3,0.000000,0.000000,+0.000000,1.0000,0.0741,0.0741,0.0000,0.0000,0
grid,2.000,586fd00078d0,7,3,0.000000,0.000000,+0.000000,1.0000,0.0741,0.0741,0.0000,0.0000,0
grid,2.000,5c080ac4ca06,7,3,0.000000,0.000000,+0.000000,1.0000,0.0741,0.0741,0.0000,0.0000,0
grid,2.000,60c6414a7b8e,4,3,0.000000,0.000000,+0.000000,1.0000,0.0741,0.0741,0.0000,0.0000,0
grid,2.000,61c00a1dba56,0,3,0.000000,0.000000,+0.000000,1.0000,0.0741,0.0741,0.0000,0.0000,0
grid,2.000,61d32b8e2816,5,3,0.000000,0.000000,+0.000000,1.0000,0.1091,0.1091,0.0400,0.0400,0
grid,2.000,69cbd033e129,4,6,0.001489,0.001060,-0.000429,0.7117,0.6121,0.4269,0.3800,0.1700,1
grid,2.000,6ad8466e50ad,2,3,0.000937,0.000914,-0.000024,0.9747,0.1548,0.1509,0.0000,0.0000,1
grid,2.000,719dfa53cd21,7,6,0.000000,0.000000,+0.000000,1.0000,0.0741,0.0741,0.0000,0.0000,0
grid,2.000,734f36b848f2,3,12,0.000000,0.000000,+0.000000,1.0000,0.6885,0.6885,1.0000,1.0000,0
grid,2.000,79f54eedb5de,5,3,0.000000,0.000000,+0.000000,1.0000,0.5896,0.5896,1.0000,1.0000,0
grid,2.000,7d4762b79839,7,3,0.010928,0.010451,-0.000477,0.9564,0.5256,0.5013,0.5000,0.4067,1
grid,2.000,7e70d269e491,4,3,0.000000,0.000000,+0.000000,1.0000,0.0741,0.0741,0.0000,0.0000,0
grid,2.000,7f60b89d3cde,6,3,0.001520,0.001520,+0.000000,1.0000,0.0741,0.0741,0.0000,0.0000,1
grid,2.000,84e9473dc95e,5,3,0.000000,0.000000,+0.000000,1.0000,0.0741,0.0741,0.0000,0.0000,0
grid,2.000,857cd4326b98,1,3,0.000000,0.000000,+0.000000,1.0000,0.0741,0.0741,0.0000,0.0000,0
grid,2.000,858e75881eaa,4,3,0.001162,0.000908,-0.000254,0.7813,0.1952,0.1521,0.0000,0.0000,1
grid,2.000,86824c726c8b,2,6,0.000000,0.000000,+0.000000,1.0000,0.0741,0.0741,0.9200,0.9200,0
grid,2.000,86b40e22afe7,1,3,0.000000,0.000000,+0.000000,1.0000,0.0741,0.0741,0.0000,0.0000,0
grid,2.000,881ada94475a,7,3,0.008933,0.008698,-0.000235,0.9736,0.5204,0.5058,0.4800,0.3600,1
grid,2.000,8de763b065ca,6,3,0.000000,0.000000,+0.000000,1.0000,0.0741,0.0741,0.0000,0.0000,0
grid,2.000,8f668b5c7265,5,6,0.000000,0.000000,+0.000000,1.0000,0.0741,0.0741,0.0000,0.0000,0
grid,2.000,9042baa29209,4,3,0.000000,0.000000,+0.000000,1.0000,0.0741,0.0741,0.0000,0.0000,0
grid,2.000,91f885c888b9,5,3,0.000980,0.001205,+0.000225,1.2297,0.1667,0.2054,0.0000,0.0000,1
grid,2.000,9299569fdf51,3,6,0.000000,0.000000,+0.000000,1.0000,0.5512,0.5512,1.0000,1.0000,0
grid,2.000,9792099352be,7,3,0.029763,0.004992,-0.024772,0.1677,0.5053,0.3413,0.6000,0.2000,1
grid,2.000,988ba1a6dbbc,1,3,0.000000,0.000000,+0.000000,1.0000,0.0741,0.0741,0.0000,0.0000,0
grid,2.000,9de8f0751d23,7,3,0.002067,0.002067,+0.000000,1.0000,0.0741,0.0741,0.0000,0.0000,1
grid,2.000,9e5bc73f1b70,2,3,0.000000,0.000000,+0.000000,1.0000,0.0741,0.0741,0.0000,0.0000,0
grid,2.000,9ef24ab6e07b,4,3,0.000000,0.000000,+0.000000,1.0000,0.0741,0.0741,0.0000,0.0000,0
grid,2.000,a109d8621e97,1,3,0.000000,0.000000,+0.000000,1.0000,0.0741,0.0741,0.0000,0.0000,0
grid,2.000,a20e0a093469,7,3,0.000000,0.000000,+0.000000,1.0000,0.0741,0.0741,0.0000,0.0000,0
grid,2.000,a2101d4504e3,4,6,0.000425,0.000388,-0.000037,0.9124,0.2089,0.1904,0.0000,0.0000,1
grid,2.000,a263ebc5c843,4,3,0.000000,0.000000,+0.000000,1.0000,0.6338,0.6338,0.6800,0.6800,0
grid,2.000,a7886efb5511,3,3,0.000000,0.000000,+0.000000,1.0000,0.0741,0.0741,0.0000,0.0000,0
grid,2.000,aaf08dbfed5b,4,3,0.000000,0.000000,+0.000000,1.0000,0.0741,0.0741,0.0000,0.0000,0
grid,2.000,ab7270a81cd6,7,3,0.043157,0.008337,-0.034820,0.1932,0.6595,0.4174,0.5600,0.1867,1
grid,2.000,ac75d2e56758,7,6,0.000000,0.000000,+0.000000,1.0000,0.0741,0.0741,0.0000,0.0000,0
grid,2.000,adc027e9e09e,6,6,0.000323,0.000119,-0.000204,0.3674,0.2881,0.1036,0.0000,0.0700,1
grid,2.000,b1660e309403,7,3,0.000000,0.000000,+0.000000,1.0000,0.0741,0.0741,0.0000,0.0000,0
grid,2.000,b5a1e4882d7e,1,3,0.000000,0.000000,+0.000000,1.0000,0.0741,0.0741,0.0000,0.0000,0
grid,2.000,b806f3a525f6,7,3,0.000000,0.000000,+0.000000,1.0000,0.0741,0.0741,0.0000,0.0000,0
grid,2.000,b99a3d98e408,6,6,0.000000,0.000000,+0.000000,1.0000,0.0741,0.0741,1.0000,1.0000,0
grid,2.000,c2bd24267a0d,2,6,0.000450,0.000435,-0.000015,0.9666,0.1937,0.1872,0.0000,0.0000,1
grid,2.000,c4a2911986dd,4,3,0.000444,0.000888,+0.000444,2.0009,0.0741,0.1489,0.0000,0.0000,1
grid,2.000,c5eac6033db4,0,3,0.000000,0.000000,+0.000000,1.0000,0.0741,0.0741,0.0000,0.0000,0
grid,2.000,c90d2a1d59af,6,3,0.001512,0.001512,+0.000000,1.0000,0.0741,0.0741,0.0000,0.0000,1
grid,2.000,caef7311d6fc,3,3,0.000000,0.000000,+0.000000,1.0000,0.0741,0.0741,0.0000,0.0000,0
grid,2.000,cb34d510dcbd,7,3,0.000000,0.000000,+0.000000,1.0000,0.6680,0.6680,0.8200,0.8200,0
grid,2.000,cf82a793c224,2,3,0.000421,0.000421,+0.000000,1.0000,0.0741,0.0741,0.0000,0.0000,1
grid,2.000,d4748e316123,7,9,0.000000,0.000000,+0.000000,1.0000,0.0741,0.0741,0.0000,0.0000,0
grid,2.000,d8b76e1bbf62,3,3,0.002276,0.002060,-0.000217,0.9048,0.4848,0.4363,0.4600,0.2867,1
grid,2.000,d976156d980f,3,3,0.000442,0.001109,+0.000666,2.5060,0.0741,0.1869,0.0000,0.0000,1
grid,2.000,dd0a94dca80d,6,3,0.001493,0.008112,+0.006619,5.4334,0.0741,0.4186,0.0000,0.2267,1
grid,2.000,dd7c35ea7e85,5,3,0.000000,0.000000,+0.000000,1.0000,0.0741,0.0741,0.0000,0.0000,0
grid,2.000,e362f6951919,0,3,0.000000,0.000000,+0.000000,1.0000,0.0741,0.0741,0.0000,0.0000,0
grid,2.000,e59597d219e6,4,9,0.000000,0.000000,+0.000000,1.0000,0.0741,0.0741,0.5800,0.5800,0
grid,2.000,e63a99cad4f8,7,3,0.000000,0.000000,+0.000000,1.0000,0.0741,0.0741,0.0000,0.0000,0
grid,2.000,e7ed6631c7f5,1,3,0.000000,0.000000,+0.000000,1.0000,0.5018,0.5018,0.5200,0.5200,0
grid,2.000,ed9161a33494,6,3,0.001184,0.003092,+0.001908,2.6116,0.0741,0.1962,0.0000,0.2067,1
grid,2.000,eea32b4c41a5,3,3,0.000000,0.000000,+0.000000,1.0000,0.7681,0.7681,1.0000,1.0000,0
grid,2.000,f08d2e167ff2,5,3,0.016191,0.005724,-0.010466,0.3536,0.6269,0.5113,1.0000,0.5200,1
grid,2.000,f5cc58eee726,0,3,0.000000,0.000000,+0.000000,1.0000,0.0741,0.0741,0.0000,0.0000,0
grid,2.000,f6192973f37b,4,12,0.001489,0.000234,-0.001255,0.1569,0.7100,0.4138,0.6000,0.2400,1
grid,2.000,fa4bdafb7861,6,3,0.000000,0.000000,+0.000000,1.0000,0.1559,0.1559,0.0000,0.0000,0
grid,2.000,fcb348447d6d,7,6,0.000000,0.000000,+0.000000,1.0000,0.0741,0.0741,0.5800,0.5800,0
grid,2.000,fd05d81ec72e,5,3,0.017642,0.002960,-0.014682,0.1678,0.5056,0.3631,0.6200,0.2867,1
menger,2.727,006846934bbe,3,3,0.000000,0.000000,+0.000000,1.0000,0.0741,0.0741,0.0000,0.0000,0
menger,2.727,0139e6fde549,5,3,0.000000,0.000000,+0.000000,1.0000,0.0741,0.0741,0.0000,0.0000,0
menger,2.727,09f27f347e99,5,3,0.000000,0.000000,+0.000000,1.0000,0.0741,0.0741,0.0000,0.0000,0
menger,2.727,0f5e931fa3e1,7,3,0.336796,0.268927,-0.067869,0.7985,0.7939,0.7640,1.0000,1.0000,1
menger,2.727,113292b76328,0,3,0.000000,0.000000,+0.000000,1.0000,0.0741,0.0741,0.0000,0.0000,0
menger,2.727,12db9892e9b3,1,3,0.000000,0.000000,+0.000000,1.0000,0.0741,0.0741,0.0000,0.0000,0
menger,2.727,15f4b990216b,1,3,0.000000,0.000000,+0.000000,1.0000,0.7133,0.7133,1.0000,1.0000,0
menger,2.727,17669e29f56b,2,3,0.001102,0.001389,+0.000287,1.2602,0.2630,0.3341,0.0000,0.1667,1
menger,2.727,1ac0d0dd06a4,0,3,0.000000,0.000000,+0.000000,1.0000,0.0741,0.0741,0.0000,0.0000,0
menger,2.727,1f90d46ec44d,5,6,0.000993,0.000465,-0.000528,0.4680,0.4359,0.2012,0.0000,0.0800,1
menger,2.727,234e9c9a1947,6,3,0.000000,0.000000,+0.000000,1.0000,0.0741,0.0741,0.0000,0.0000,0
menger,2.727,246d39f14ce2,0,3,0.000000,0.000000,+0.000000,1.0000,0.0741,0.0741,0.0000,0.0000,0
menger,2.727,2a1de8928559,3,3,0.000000,0.000000,+0.000000,1.0000,0.0741,0.0741,0.0000,0.0000,0
menger,2.727,2b2c8fe45c8a,4,3,0.000000,0.000000,+0.000000,1.0000,0.6937,0.6937,1.0000,1.0000,0
menger,2.727,2bd596c4b551,6,3,0.129188,0.068012,-0.061175,0.5265,0.5286,0.5644,1.0000,1.0000,1
menger,2.727,2d4ea0d575b4,1,6,0.000000,0.000000,+0.000000,1.0000,0.0741,0.0741,0.0000,0.0000,0
menger,2.727,2dd2bc8fab3d,4,3,0.000000,0.000000,+0.000000,1.0000,0.1679,0.1679,0.1000,0.1000,0
menger,2.727,30a0c75f9bb3,7,3,0.000000,0.000000,+0.000000,1.0000,0.0741,0.0741,0.0000,0.0000,0
menger,2.727,33601851ef31,2,3,0.000000,0.000000,+0.000000,1.0000,0.5204,0.5204,1.0000,1.0000,0
menger,2.727,36742d157c7c,0,3,0.000000,0.000000,+0.000000,1.0000,0.0741,0.0741,0.0000,0.0000,0
menger,2.727,38287dcc5d55,3,6,0.000000,0.000000,+0.000000,1.0000,0.6230,0.6230,1.0000,1.0000,0
menger,2.727,3a3a0ad2c3d5,7,3,0.000000,0.000000,+0.000000,1.0000,0.4930,0.4930,1.0000,1.0000,0
menger,2.727,3a720ceb35b6,3,3,0.000000,0.000000,+0.000000,1.0000,0.6159,0.6159,1.0000,1.0000,0
menger,2.727,3f2360c091e0,7,3,0.000000,0.000000,+0.000000,1.0000,0.6299,0.6299,1.0000,1.0000,0
menger,2.727,44388b7295ca,7,3,0.000000,0.000000,+0.000000,1.0000,0.5251,0.5251,1.0000,1.0000,0
menger,2.727,444a16ef09c7,1,3,0.000000,0.000000,+0.000000,1.0000,0.0741,0.0741,0.0000,0.0000,0
menger,2.727,4581f607c638,3,6,0.001033,0.001312,+0.000279,1.2701,0.3167,0.4054,0.0000,0.0533,1
menger,2.727,4a50918fc874,0,3,0.000000,0.000000,+0.000000,1.0000,0.0741,0.0741,0.0000,0.0000,0
menger,2.727,4e2911f7e88d,2,3,0.000000,0.000000,+0.000000,1.0000,0.0741,0.0741,0.0000,0.0000,0
menger,2.727,527c8a162263,1,3,0.000000,0.000000,+0.000000,1.0000,0.0741,0.0741,0.0000,0.0000,0
menger,2.727,555465f5570f,3,3,0.000000,0.000000,+0.000000,1.0000,0.0741,0.0741,0.0000,0.0000,0
menger,2.727,55fd8305c232,7,3,0.000436,0.001606,+0.001171,3.6862,0.0741,0.2764,0.0000,0.0000,1
menger,2.727,56c534143856,1,3,0.000000,0.000000,+0.000000,1.0000,0.0741,0.0741,0.0000,0.0000,0
menger,2.727,58b035f23aa0,7,3,0.000318,0.001435,+0.001118,4.5161,0.0741,0.3451,0.0000,0.1267,1
menger,2.727,58c436d6d322,6,9,0.000000,0.000000,+0.000000,1.0000,0.5950,0.5950,1.0000,1.0000,0
menger,2.727,5911e26d88ef,7,3,0.000000,0.000000,+0.000000,1.0000,0.0741,0.0741,0.0000,0.0000,0
menger,2.727,5a0d789da958,6,3,0.041658,0.029028,-0.012631,0.6968,0.7107,0.6255,1.0000,1.0000,1
menger,2.727,5d492a4710c7,4,9,0.000000,0.000000,+0.000000,1.0000,0.8793,0.8793,1.0000,1.0000,0
menger,2.727,5e52a11e358e,6,3,0.000000,0.000000,+0.000000,1.0000,0.0741,0.0741,0.0000,0.0000,0
menger,2.727,5fb3f8d2d8be,5,3,0.000000,0.000000,+0.000000,1.0000,0.1841,0.1841,0.1800,0.1800,0
menger,2.727,6193a97481de,0,3,0.000000,0.000000,+0.000000,1.0000,0.0741,0.0741,0.0000,0.0000,0
menger,2.727,64a5f7c4d510,6,6,0.000000,0.000000,+0.000000,1.0000,0.5126,0.5126,0.6400,0.6400,0
menger,2.727,65cb54fe244e,3,3,0.000000,0.000000,+0.000000,1.0000,0.0741,0.0741,0.0000,0.0000,0
menger,2.727,669a6627b86c,7,3,0.000000,0.000000,+0.000000,1.0000,0.4247,0.4247,0.2400,0.2400,0
menger,2.727,6731f4625992,7,3,0.088340,0.072598,-0.015742,0.8218,0.5457,0.6049,1.0000,1.0000,1
menger,2.727,6c42f1352547,2,3,0.000000,0.000000,+0.000000,1.0000,0.0741,0.0741,0.0000,0.0000,0
menger,2.727,70cc252eeff0,1,3,0.000000,0.000000,+0.000000,1.0000,0.0741,0.0741,0.0000,0.0000,0
menger,2.727,78538760a33b,7,6,0.000000,0.000000,+0.000000,1.0000,0.6039,0.6039,1.0000,1.0000,0
menger,2.727,7c1421c2509d,0,3,0.000000,0.000000,+0.000000,1.0000,0.0741,0.0741,0.0000,0.0000,0
menger,2.727,7de36e395721,5,3,0.001348,0.000566,-0.000782,0.4198,0.3170,0.1302,0.0000,0.0667,1
menger,2.727,7f980924db4b,6,3,0.001541,0.001427,-0.000114,0.9261,0.2633,0.2436,0.0000,0.0000,1
menger,2.727,7fe9cbe450be,7,3,0.000000,0.000000,+0.000000,1.0000,0.0893,0.0893,0.1000,0.1000,0
menger,2.727,80cecd8f0ab6,2,9,0.000000,0.000000,+0.000000,1.0000,0.3311,0.3311,0.0000,0.0000,0
menger,2.727,80d97cb26e0b,0,3,0.000000,0.000000,+0.000000,1.0000,0.0741,0.0741,0.0000,0.0000,0
menger,2.727,839c37a155cf,4,3,0.001695,0.001814,+0.000119,1.0701,0.4226,0.4541,0.0000,0.2533,1
menger,2.727,85237e51aec2,2,9,0.001115,0.002282,+0.001168,2.0474,0.1515,0.3132,0.0000,0.0178,1
menger,2.727,8cb97d0f69af,2,3,0.000000,0.000000,+0.000000,1.0000,0.0741,0.0741,0.0000,0.0000,0
menger,2.727,8d2a1af4b3aa,7,3,0.000000,0.000000,+0.000000,1.0000,0.3859,0.3859,0.1800,0.1800,0
menger,2.727,8d3473c26aa3,6,3,0.000000,0.000000,+0.000000,1.0000,0.0741,0.0741,0.0000,0.0000,0
menger,2.727,8dd74dab130e,3,3,0.000000,0.000000,+0.000000,1.0000,0.0741,0.0741,0.0000,0.0000,0
menger,2.727,8df42fdcae35,6,3,0.000000,0.000000,+0.000000,1.0000,0.0741,0.0741,0.0000,0.0000,0
menger,2.727,8df5ad425fcf,0,3,0.000000,0.000000,+0.000000,1.0000,0.0741,0.0741,0.0000,0.0000,0
menger,2.727,8ee47638393c,7,6,0.000000,0.000000,+0.000000,1.0000,0.6213,0.6213,1.0000,1.0000,0
menger,2.727,8fe01fdd6ea2,7,3,0.001198,0.001878,+0.000680,1.5673,0.2044,0.3227,0.0000,0.0000,1
menger,2.727,921814b764f2,2,3,0.000000,0.000000,+0.000000,1.0000,0.0741,0.0741,0.0000,0.0000,0
menger,2.727,92ff2884b5a8,5,9,0.000000,0.000000,+0.000000,1.0000,0.6764,0.6764,1.0000,1.0000,0
menger,2.727,943bb3962a31,3,3,0.000000,0.000000,+0.000000,1.0000,0.0741,0.0741,0.0000,0.0000,0
menger,2.727,9607caecfc83,6,3,0.000000,0.000000,+0.000000,1.0000,0.0741,0.0741,0.0000,0.0000,0
menger,2.727,9703359e10b7,2,3,0.000000,0.000000,+0.000000,1.0000,0.0741,0.0741,0.0000,0.0000,0
menger,2.727,97ca4e767b2b,4,3,0.000000,0.000000,+0.000000,1.0000,0.6792,0.6792,1.0000,1.0000,0
menger,2.727,9ae5c9e01171,5,3,0.000000,0.000000,+0.000000,1.0000,0.0741,0.0741,0.0000,0.0000,0
menger,2.727,9af2586b2d13,1,3,0.000000,0.000000,+0.000000,1.0000,0.0741,0.0741,0.0000,0.0000,0
menger,2.727,9d0567d1211d,4,6,0.000000,0.000000,+0.000000,1.0000,0.6118,0.6118,1.0000,1.0000,0
menger,2.727,9e1616a1af6c,5,3,0.000000,0.000000,+0.000000,1.0000,0.7195,0.7195,0.9800,0.9800,0
menger,2.727,9eb0076bd997,3,3,0.000810,0.000929,+0.000119,1.1473,0.2481,0.2859,0.0000,0.1533,1
menger,2.727,a694a12fe0f5,4,3,0.000000,0.000000,+0.000000,1.0000,0.0741,0.0741,0.0000,0.0000,0
menger,2.727,ac258e9539e6,1,3,0.000000,0.000000,+0.000000,1.0000,0.0741,0.0741,0.0000,0.0000,0
menger,2.727,b1bad24c16d1,6,3,0.000000,0.000000,+0.000000,1.0000,0.0741,0.0741,0.0000,0.0000,0
menger,2.727,b1e82370447c,2,3,0.000000,0.000000,+0.000000,1.0000,0.7533,0.7533,1.0000,1.0000,0
menger,2.727,b2513eb816f3,1,3,0.000000,0.000000,+0.000000,1.0000,0.0741,0.0741,0.0000,0.0000,0
menger,2.727,b6e799b9b64f,1,3,0.000000,0.000000,+0.000000,1.0000,0.0741,0.0741,0.0000,0.0000,0
menger,2.727,ba4c0fd7b160,3,12,0.000000,0.000000,+0.000000,1.0000,0.6887,0.6887,1.0000,1.0000,0
menger,2.727,bbc685b683b8,4,3,0.000601,0.000522,-0.000079,0.8692,0.5074,0.4393,0.0000,0.0133,1
menger,2.727,c1883b5b112a,7,6,0.000000,0.000000,+0.000000,1.0000,0.6283,0.6283,1.0000,1.0000,0
menger,2.727,c1addb25ee3d,7,3,0.000000,0.000000,+0.000000,1.0000,0.6177,0.6177,1.0000,1.0000,0
menger,2.727,c1e919f8a11a,4,3,0.000469,0.000302,-0.000167,0.6436,0.1504,0.0962,0.1200,0.0400,1
menger,2.727,c4ce4b5a239f,6,3,0.000000,0.000000,+0.000000,1.0000,0.0741,0.0741,0.0000,0.0000,0
menger,2.727,c7c6981c87fd,1,3,0.000000,0.000000,+0.000000,1.0000,0.5920,0.5920,1.0000,1.0000,0
menger,2.727,c83d8f6bb05e,4,3,0.000972,0.000946,-0.000026,0.9731,0.3200,0.3112,0.0000,0.0000,1
menger,2.727,c8de65142446,3,12,0.001014,0.000962,-0.000053,0.9482,0.3585,0.3392,0.0000,0.2117,1
menger,2.727,c9cd739516e7,7,3,0.114222,0.115950,+0.001728,1.0151,0.5827,0.5964,1.0000,1.0000,1
menger,2.727,caadf9588ec6,2,3,0.001604,0.000913,-0.000690,0.5696,0.2744,0.1552,0.0000,0.0000,1
menger,2.727,cbe771a45d88,5,3,0.001020,0.001690,+0.000670,1.6564,0.2430,0.4101,0.0000,0.1733,1
menger,2.727,d25b1695fdcc,3,3,0.000338,0.000927,+0.000589,2.7416,0.0741,0.2047,0.0000,0.0000,1
menger,2.727,d41e53176937,0,3,0.000000,0.000000,+0.000000,1.0000,0.0741,0.0741,0.0000,0.0000,0
menger,2.727,d7ec9b765aad,5,9,0.000902,0.000166,-0.000736,0.1844,0.4267,0.4037,0.6400,0.1333,1
menger,2.727,dd840383eec4,7,6,0.000000,0.000000,+0.000000,1.0000,0.6398,0.6398,1.0000,1.0000,0
menger,2.727,df8b4c05abb9,5,3,0.000000,0.000000,+0.000000,1.0000,0.5659,0.5659,1.0000,1.0000,0
menger,2.727,dfce77af9fc3,5,3,0.000000,0.000000,+0.000000,1.0000,0.8041,0.8041,1.0000,1.0000,0
menger,2.727,e7a35d9bae8c,2,3,0.000000,0.000000,+0.000000,1.0000,0.0741,0.0741,0.0000,0.0000,0
menger,2.727,e865e5dec0d5,6,3,0.000000,0.000000,+0.000000,1.0000,0.7039,0.7039,1.0000,1.0000,0
menger,2.727,e9d1961ae7eb,5,3,0.001013,0.001034,+0.000020,1.0201,0.3589,0.3664,0.0000,0.0333,1
menger,2.727,ee30a0e72386,6,12,0.000000,0.000000,+0.000000,1.0000,0.6043,0.6043,1.0000,1.0000,0
menger,2.727,ee6e7bdfd925,1,3,0.000000,0.000000,+0.000000,1.0000,0.0741,0.0741,0.0000,0.0000,0
menger,2.727,f1af4e4ec0a2,4,3,0.000000,0.000000,+0.000000,1.0000,0.2610,0.2610,0.1000,0.1000,0
menger,2.727,f2a11fdaefa6,4,3,0.000000,0.000000,+0.000000,1.0000,0.4074,0.4074,1.0000,1.0000,0
menger,2.727,f64ce1e4e2b2,3,3,0.000000,0.000000,+0.000000,1.0000,0.0741,0.0741,0.0000,0.0000,0
menger,2.727,f87428258916,7,9,0.112976,0.109145,-0.003831,0.9661,0.6289,0.6665,1.0000,1.0000,1
menger,2.727,fbb984b91292,2,3,0.000000,0.000000,+0.000000,1.0000,0.0741,0.0741,0.0000,0.0000,0
menger,2.727,fcda951b7488,4,3,0.000000,0.000000,+0.000000,1.0000,0.7504,0.7504,1.0000,1.0000,0
