game_id,substrate,dim,n_runs,tvr_mean,tvr_std,tvr_min,tvr_max,depth_mean,depth_std,pge_mean,pge_std,pge_min,pge_max,alen_mean,alen_std,stored_ge
1e11adebcc35,vicsek,1.465,12,0.45166666666666666,0.3975305718502108,0.0,0.94,0.4391296296296297,0.3154331663266224,0.20324150513816786,0.17142909486258653,0.00770312925772706,0.43936333181974907,71.08333333333333,1.6562172428626492,0.05252013134065712
ab8bd83e558a,vicsek,1.465,6,0.5833333333333334,0.40289232087770327,0.0,0.92,0.5106913580246913,0.28177010435562716,0.2608492742500898,0.1797123435390617,0.007663693559671037,0.4461282607860803,72.33333333333333,5.899623340142619,0.05065758516296195
567e1e661ce2,vicsek,1.465,6,0.54,0.39665266081716044,0.0,0.96,0.4716666666666666,0.3022255680945268,0.23831359692369072,0.17896617410437599,0.00770312925772706,0.4550713425994806,72.5,3.265986323710904,0.03338403035345261
a8173ef14b14,vicsek,1.465,3,0.2866666666666667,0.4054078878802872,0.0,0.86,0.29629629629629634,0.3142696805273545,0.13892350969813827,0.18557364167858675,0.00770312925772706,0.40136427057896074,70.83333333333333,0.9428090415820634,0.033159557331431715
e6c2b66a0ff9,vicsek,1.465,3,0.29333333333333333,0.4148359782961079,0.0,0.88,0.2374074074074074,0.2309882151876055,0.12004931285831762,0.15881983627402332,0.007746729642018504,0.34465447929091586,70.5,0.816496580927726,0.0005177046091947628
5c37d600c7c4,vicsek,1.465,3,0.0,0.0,0.0,0.0,0.07407407407407407,0.0,0.007795285598814404,0.0,0.007795285598814404,0.007795285598814404,100.0,0.0,0.0004357608215978148
62095031e9a5,vicsek,1.465,3,0.0,0.0,0.0,0.0,0.07407407407407407,0.0,0.007795285598814404,0.0,0.007795285598814404,0.007795285598814404,67.33333333333333,46.197643037521104,0.0004312058304312871
a4783cc6541b,vicsek,1.465,3,0.0,0.0,0.0,0.0,0.07407407407407407,0.0,0.007703129257727061,8.673617379884035e-19,0.00770312925772706,0.00770312925772706,34.666666666666664,46.19764303752111,0.0004305796242817158
bfbfae9ca90e,vicsek,1.465,3,0.0,0.0,0.0,0.0,0.07407407407407407,0.0,0.007795285598814404,0.0,0.007795285598814404,0.007795285598814404,100.0,0.0,0.00042938383396467605
f3224fc87dbf,vicsek,1.465,3,0.0,0.0,0.0,0.0,0.07407407407407407,0.0,0.007795285598814404,0.0,0.007795285598814404,0.007795285598814404,100.0,0.0,0.00042938383396467605
51bbe5874786,vicsek,1.465,3,0.0,0.0,0.0,0.0,0.07407407407407407,0.0,0.007795285598814404,0.0,0.007795285598814404,0.007795285598814404,100.0,0.0,0.00042899734986569796
636a2d851f0a,vicsek,1.465,3,0.0,0.0,0.0,0.0,0.07407407407407407,0.0,0.007795285598814404,0.0,0.007795285598814404,0.007795285598814404,100.0,0.0,0.00042899734986569796
145457897d5d,vicsek,1.465,3,0.0,0.0,0.0,0.0,0.07407407407407407,0.0,0.007795285598814404,0.0,0.007795285598814404,0.007795285598814404,100.0,0.0,0.00042840275894419317
2704ae892450,vicsek,1.465,3,0.0,0.0,0.0,0.0,0.07407407407407407,0.0,0.007795285598814404,0.0,0.007795285598814404,0.007795285598814404,100.0,0.0,0.00042840275894419317
a9b3b266e46b,vicsek,1.465,6,0.0,0.0,0.0,0.0,0.07407407407407407,0.0,0.007795285598814404,0.0,0.007795285598814404,0.007795285598814404,100.0,0.0,0.00042840275894419317
accf753f9a3b,vicsek,1.465,6,0.0,0.0,0.0,0.0,0.07407407407407407,0.0,0.007795285598814404,0.0,0.007795285598814404,0.007795285598814404,100.0,0.0,0.00042840275894419317
b29de9426e49,vicsek,1.465,3,0.0,0.0,0.0,0.0,0.07407407407407407,0.0,0.007795285598814404,0.0,0.007795285598814404,0.007795285598814404,100.0,0.0,0.00042840275894419317
470d6807383e,vicsek,1.465,3,0.0,0.0,0.0,0.0,0.07407407407407407,0.0,0.007795285598814404,0.0,0.007795285598814404,0.007795285598814404,67.33333333333333,46.197643037521104,0.000428169169653602
49c8455d5eb9,vicsek,1.465,6,0.0,0.0,0.0,0.0,0.07407407407407407,0.0,0.007795285598814404,0.0,0.007795285598814404,0.007795285598814404,100.0,0.0,0.000428169169653602
826da2fe8447,vicsek,1.465,3,0.0,0.0,0.0,0.0,0.07407407407407407,0.0,0.007795285598814404,0.0,0.007795285598814404,0.007795285598814404,100.0,0.0,0.000428169169653602
86df3c113fdf,vicsek,1.465,3,0.0,0.0,0.0,0.0,0.07407407407407407,0.0,0.007795285598814404,0.0,0.007795285598814404,0.007795285598814404,100.0,0.0,0.000428169169653602
8df279e0060b,vicsek,1.465,3,0.0,0.0,0.0,0.0,0.07407407407407407,0.0,0.007795285598814404,0.0,0.007795285598814404,0.007795285598814404,100.0,0.0,0.000428169169653602
adbdda429dbb,vicsek,1.465,9,0.0,0.0,0.0,0.0,0.07407407407407407,0.0,0.007795285598814404,0.0,0.007795285598814404,0.007795285598814404,78.22222222222223,40.742491544871804,0.000428169169653602
e2bc72b13fbb,vicsek,1.465,3,0.0,0.0,0.0,0.0,0.07407407407407407,0.0,0.007795285598814404,0.0,0.007795285598814404,0.007795285598814404,100.0,0.0,0.000428169169653602
e7561342d490,vicsek,1.465,6,0.0,0.0,0.0,0.0,0.07407407407407407,0.0,0.007795285598814404,0.0,0.007795285598814404,0.007795285598814404,100.0,0.0,0.000428169169653602
b51d5def45dd,vicsek,1.465,3,0.0,0.0,0.0,0.0,0.07407407407407407,0.0,0.007795285598814404,0.0,0.007795285598814404,0.007795285598814404,100.0,0.0,0.0003332021458454836
a5d36b1a632f,vicsek,1.465,6,0.0,0.0,0.0,0.0,0.07407407407407407,0.0,0.007703129257727059,8.673617379884035e-19,0.00770312925772706,0.00770312925772706,83.66666666666667,36.52244363249657,0.00033081117475302566
cbb4e6768e74,vicsek,1.465,3,0.0,0.0,0.0,0.0,0.07407407407407407,0.0,0.007703129257727061,8.673617379884035e-19,0.00770312925772706,0.00770312925772706,100.0,0.0,0.0003229347182112869
4c53d2ad3bdb,vicsek,1.465,6,0.0,0.0,0.0,0.0,0.07407407407407407,0.0,0.007795285598814404,0.0,0.007795285598814404,0.007795285598814404,83.66666666666667,36.52244363249657,0.00032283499892764934
02010fa1c555,vicsek,1.465,3,0.0,0.0,0.0,0.0,0.07407407407407407,0.0,0.007795285598814404,0.0,0.007795285598814404,0.007795285598814404,100.0,0.0,0.00032130206920814484
3538e3b7d507,vicsek,1.465,12,0.0,0.0,0.0,0.0,0.07407407407407407,0.0,0.007795285598814403,8.673617379884035e-19,0.007795285598814404,0.007795285598814404,91.83333333333333,27.08576912123577,0.00032112687724020146
4a19c61b729d,vicsek,1.465,3,0.0,0.0,0.0,0.0,0.07407407407407407,0.0,0.007849813556829151,0.0,0.007849813556829151,0.007849813556829151,100.0,0.0,0.00031344772730357924
8aa56187f2eb,vicsek,1.465,3,0.0,0.0,0.0,0.0,0.07407407407407407,0.0,0.007795285598814404,0.0,0.007795285598814404,0.007795285598814404,34.666666666666664,46.19764303752111,0.00031305212017226604
c25cf88a87d1,vicsek,1.465,6,0.0,0.0,0.0,0.0,0.07407407407407407,0.0,0.007795285598814404,0.0,0.007795285598814404,0.007795285598814404,83.66666666666667,36.52244363249656,0.0003113957597480742
ada6fc9f8ae6,vicsek,1.465,3,0.0,0.0,0.0,0.0,0.07407407407407407,0.0,0.007795285598814404,0.0,0.007795285598814404,0.007795285598814404,100.0,0.0,0.00030438058618679093
cb673071edfd,vicsek,1.465,3,0.0,0.0,0.0,0.0,0.07407407407407407,0.0,0.007795285598814404,0.0,0.007795285598814404,0.007795285598814404,100.0,0.0,0.0002994411584256458
46f8c1c84ce1,vicsek,1.465,3,0.0,0.0,0.0,0.0,0.07407407407407407,0.0,0.007795285598814404,0.0,0.007795285598814404,0.007795285598814404,34.666666666666664,46.19764303752111,0.000297856813672071
82d08b734e1b,vicsek,1.465,3,0.0,0.0,0.0,0.0,0.07407407407407407,0.0,0.007795285598814404,0.0,0.007795285598814404,0.007795285598814404,100.0,0.0,0.0002905072143985432
5473ba1252f7,vicsek,1.465,3,0.0,0.0,0.0,0.0,0.07407407407407407,0.0,0.007795285598814404,0.0,0.007795285598814404,0.007795285598814404,34.666666666666664,46.19764303752111,0.00027247128977956486
76ed441cbdb7,vicsek,1.465,6,0.0,0.0,0.0,0.0,0.07407407407407407,0.0,0.007849813556829151,0.0,0.007849813556829151,0.007849813556829151,67.33333333333333,46.197643037521104,0.00026580899106057933
405a51be3584,vicsek,1.465,3,0.0,0.0,0.0,0.0,0.07407407407407407,0.0,0.007795285598814404,0.0,0.007795285598814404,0.007795285598814404,100.0,0.0,0.0002536504884889924
a6b1eed20d08,vicsek,1.465,6,0.0,0.0,0.0,0.0,0.07407407407407407,0.0,0.007795285598814404,0.0,0.007795285598814404,0.007795285598814404,100.0,0.0,0.0002520016229083489
581bd0f647a2,vicsek,1.465,3,0.0,0.0,0.0,0.0,0.07407407407407407,0.0,0.007795285598814404,0.0,0.007795285598814404,0.007795285598814404,100.0,0.0,0.00024480157653953893
488e8462c83e,vicsek,1.465,9,0.0,0.0,0.0,0.0,0.07407407407407407,0.0,0.007795285598814404,0.0,0.007795285598814404,0.007795285598814404,89.11111111111111,30.798428691680737,0.0002446680969449154
3e33876ea5b5,vicsek,1.465,3,0.0,0.0,0.0,0.0,0.07407407407407407,0.0,0.007795285598814404,0.0,0.007795285598814404,0.007795285598814404,100.0,0.0,0.00022900471144782726
1fa74d827eac,vicsek,1.465,3,0.0,0.0,0.0,0.0,0.07407407407407407,0.0,0.007795285598814404,0.0,0.007795285598814404,0.007795285598814404,67.33333333333333,46.197643037521104,0.0002168175795267176
0626bb999f87,vicsek,1.465,3,0.0,0.0,0.0,0.0,0.07407407407407407,0.0,0.007795285598814404,0.0,0.007795285598814404,0.007795285598814404,100.0,0.0,0.000143127944654892
08715a002a3f,vicsek,1.465,3,0.0,0.0,0.0,0.0,0.07407407407407407,0.0,0.007795285598814404,0.0,0.007795285598814404,0.007795285598814404,6.833333333333333,0.4714045207910317,0.0
0db282079c4d,vicsek,1.465,6,0.0,0.0,0.0,0.0,0.07407407407407407,0.0,0.007746729642018504,0.0,0.007746729642018504,0.007746729642018504,67.33333333333333,46.197643037521104,0.0
13d9dffa486c,vicsek,1.465,3,0.6933333333333334,0.08055363982396384,0.58,0.76,0.580962962962963,0.01530055541098995,0.28480515284378266,0.04555713582857522,0.22149878465781186,0.3268220596116378,83.5,0.0,0.0
1c297c1ec81a,vicsek,1.465,3,1.0,0.0,1.0,1.0,0.6190617283950618,0.06156591950705582,0.39253389801759125,0.024399323138709232,0.35827907437800094,0.4132593297798203,38.833333333333336,0.9428090415820634,0.0
2087b73ce0c2,vicsek,1.465,3,0.5066666666666667,0.3813426572286691,0.0,0.92,0.5112592592592593,0.33082682855121454,0.23401591304810834,0.18410645853101024,0.00770312925772706,0.45866075739032147,71.5,0.816496580927726,0.0
2bdbc09364ba,vicsek,1.465,3,0.0,0.0,0.0,0.0,0.07407407407407407,0.0,0.007795285598814404,0.0,0.007795285598814404,0.007795285598814404,2.0,0.0,0.0
2f904cdf7c43,vicsek,1.465,3,0.0,0.0,0.0,0.0,0.07407407407407407,0.0,0.007795285598814404,0.0,0.007795285598814404,0.007795285598814404,34.666666666666664,46.19764303752111,0.0
37c5fa164808,vicsek,1.465,3,0.0,0.0,0.0,0.0,0.07407407407407407,0.0,0.007703129257727061,8.673617379884035e-19,0.00770312925772706,0.00770312925772706,2.0,0.0,0.0
47057b4d8a77,vicsek,1.465,3,0.0,0.0,0.0,0.0,0.07407407407407407,0.0,0.007795285598814404,0.0,0.007795285598814404,0.007795285598814404,2.0,0.0,0.0
49cf3207bcbd,vicsek,1.465,3,0.0,0.0,0.0,0.0,0.07407407407407407,0.0,0.007795285598814404,0.0,0.007795285598814404,0.007795285598814404,14.666666666666666,6.141841924229427,0.0
4cf7517e2153,vicsek,1.465,3,0.0,0.0,0.0,0.0,0.07407407407407407,0.0,0.007795285598814404,0.0,0.007795285598814404,0.007795285598814404,9.333333333333334,3.519785346990479,0.0
526d592b15f2,vicsek,1.465,3,0.0,0.0,0.0,0.0,0.07407407407407407,0.0,0.007795285598814404,0.0,0.007795285598814404,0.007795285598814404,34.666666666666664,46.197643037521104,0.0
54a22d96a0be,vicsek,1.465,3,0.8266666666666667,0.2451303508113365,0.48,1.0,0.4925185185185186,0.0651720806131696,0.23282749697334068,0.12668429794405628,0.0556947724752205,0.34466112060556364,35.5,6.177917664283546,0.0
5553cb8dea02,vicsek,1.465,3,0.7666666666666666,0.033993463423951924,0.72,0.8,0.6171358024691358,0.01898632177571395,0.3321474399821011,0.009037503065048882,0.32008729826511456,0.3418421293474519,97.5,0.0,0.0
5c20af03685c,vicsek,1.465,6,0.0,0.0,0.0,0.0,0.07407407407407407,0.0,0.007795285598814404,0.0,0.007795285598814404,0.007795285598814404,67.33333333333333,46.197643037521104,0.0
63da2aa5d1d3,vicsek,1.465,3,0.0,0.0,0.0,0.0,0.07407407407407407,0.0,0.007795285598814404,0.0,0.007795285598814404,0.007795285598814404,34.666666666666664,46.19764303752111,0.0
661d6d617fbb,vicsek,1.465,3,0.0,0.0,0.0,0.0,0.07407407407407407,0.0,0.007703129257727061,8.673617379884035e-19,0.00770312925772706,0.00770312925772706,11.5,3.7416573867739413,0.0
6a4883f954af,vicsek,1.465,3,0.0,0.0,0.0,0.0,0.07407407407407407,0.0,0.007795285598814404,0.0,0.007795285598814404,0.007795285598814404,34.666666666666664,46.197643037521104,0.0
72ca6b832974,vicsek,1.465,3,0.0,0.0,0.0,0.0,0.07407407407407407,0.0,0.007795285598814404,0.0,0.007795285598814404,0.007795285598814404,34.666666666666664,46.19764303752111,0.0
7601f111e6d9,vicsek,1.465,3,0.0,0.0,0.0,0.0,0.07407407407407407,0.0,0.007795285598814404,0.0,0.007795285598814404,0.007795285598814404,2.0,0.0,0.0
7728db117770,vicsek,1.465,3,0.0,0.0,0.0,0.0,0.07407407407407407,0.0,0.007746729642018504,0.0,0.007746729642018504,0.007746729642018504,2.0,0.0,0.0
7b7691ee8a3d,vicsek,1.465,6,0.0,0.0,0.0,0.0,0.07407407407407407,0.0,0.007849813556829151,0.0,0.007849813556829151,0.007849813556829151,34.666666666666664,46.197643037521104,0.0
7c9d42a4b4c4,vicsek,1.465,6,0.0,0.0,0.0,0.0,0.07407407407407407,0.0,0.007849813556829151,0.0,0.007849813556829151,0.007849813556829151,67.33333333333333,46.197643037521104,0.0
81252677118f,vicsek,1.465,3,0.0,0.0,0.0,0.0,0.07407407407407407,0.0,0.007849813556829151,0.0,0.007849813556829151,0.007849813556829151,8.833333333333334,3.2744804507314167,0.0
83b49b49999b,vicsek,1.465,3,0.0,0.0,0.0,0.0,0.07407407407407407,0.0,0.007795285598814404,0.0,0.007795285598814404,0.007795285598814404,9.166666666666666,0.9428090415820634,0.0
8e79a248653b,vicsek,1.465,3,0.0,0.0,0.0,0.0,0.07407407407407407,0.0,0.007795285598814404,0.0,0.007795285598814404,0.007795285598814404,12.333333333333334,1.649915822768611,0.0
8edd3c0d3674,vicsek,1.465,3,0.0,0.0,0.0,0.0,0.07407407407407407,0.0,0.007795285598814404,0.0,0.007795285598814404,0.007795285598814404,2.0,0.0,0.0
933e60d4973b,vicsek,1.465,3,0.6533333333333333,0.2067741655902776,0.46,0.94,0.4354567901234568,0.08884299912841749,0.1776177152699765,0.11627368989323554,0.03187322918067885,0.3164313339676048,51.166666666666664,5.390320542932076,0.0
94e30f5923a7,vicsek,1.465,3,0.0,0.0,0.0,0.0,0.07407407407407407,0.0,0.007663693559671037,0.0,0.007663693559671037,0.007663693559671037,2.0,0.0,0.0
9710adc953f7,vicsek,1.465,6,0.0,0.0,0.0,0.0,0.07407407407407407,0.0,0.007746729642018504,0.0,0.007746729642018504,0.007746729642018504,67.33333333333333,46.197643037521104,0.0
a0db3fe1f011,vicsek,1.465,3,0.9066666666666666,0.118133634311129,0.74,1.0,0.5926419753086419,0.13897845781276985,0.3546538799074852,0.07724839469386699,0.25742614573088995,0.4464076068047018,28.166666666666668,2.494438257849294,0.0
a9d2d156b5f1,vicsek,1.465,3,0.0,0.0,0.0,0.0,0.07407407407407407,0.0,0.007795285598814404,0.0,0.007795285598814404,0.007795285598814404,67.33333333333333,46.197643037521104,0.0
ab46a720da36,vicsek,1.465,3,0.0,0.0,0.0,0.0,0.07407407407407407,0.0,0.007795285598814404,0.0,0.007795285598814404,0.007795285598814404,2.0,0.0,0.0
b11bc59a5a75,vicsek,1.465,3,0.0,0.0,0.0,0.0,0.07407407407407407,0.0,0.007795285598814404,0.0,0.007795285598814404,0.007795285598814404,2.0,0.0,0.0
bdb8f190d54f,vicsek,1.465,6,0.0,0.0,0.0,0.0,0.07407407407407407,0.0,0.007795285598814404,0.0,0.007795285598814404,0.007795285598814404,34.666666666666664,46.19764303752111,0.0
c31c8c8d57c0,vicsek,1.465,3,0.0,0.0,0.0,0.0,0.07407407407407407,0.0,0.007703129257727061,8.673617379884035e-19,0.00770312925772706,0.00770312925772706,2.0,0.0,0.0
c730a0221e68,vicsek,1.465,3,1.0,0.0,1.0,1.0,0.5239012345679014,0.11246445491743164,0.35079897379112585,0.04791688837771496,0.2992100216769894,0.4146457467897401,42.5,3.7416573867739413,0.0
c831f3ff0065,vicsek,1.465,3,0.9866666666666667,0.018856180831641284,0.96,1.0,0.5628641975308643,0.07797569957446616,0.36536644673135715,0.032899651498652094,0.33863610506842234,0.41171187270186527,64.66666666666667,4.1298372311212885,0.0
c8454fce7b64,vicsek,1.465,3,0.0,0.0,0.0,0.0,0.07407407407407407,0.0,0.007795285598814404,0.0,0.007795285598814404,0.007795285598814404,34.666666666666664,46.19764303752111,0.0
cc53de1fc2b5,vicsek,1.465,3,0.0,0.0,0.0,0.0,0.07407407407407407,0.0,0.007795285598814404,0.0,0.007795285598814404,0.007795285598814404,34.666666666666664,46.197643037521104,0.0
cd046af9b256,vicsek,1.465,3,0.0,0.0,0.0,0.0,0.07683950617283951,0.0029265249165489485,0.007988323602002944,0.00030176530443596554,0.00770312925772706,0.008405860018223615,7.5,1.7795130420052185,0.0
d67caf977787,vicsek,1.465,3,0.6,0.09092121131323903,0.48,0.7,0.44679012345679014,0.08951238803453167,0.16505554189232863,0.09884458089920253,0.04365379611184179,0.2857696537452878,76.5,1.4142135623730951,0.0
e367f546b18c,vicsek,1.465,3,1.0,0.0,1.0,1.0,0.6101975308641975,0.09478943204479012,0.3877092237879228,0.03866957261229939,0.33330336283042833,0.41970855803743184,28.0,1.7795130420052185,0.0
e7f790de8897,vicsek,1.465,6,0.0,0.0,0.0,0.0,0.07407407407407407,0.0,0.007795285598814404,0.0,0.007795285598814404,0.007795285598814404,51.0,49.0,0.0
e8627d69e327,vicsek,1.465,3,1.0,0.0,1.0,1.0,0.5194814814814815,0.03956859266359152,0.35203868547334877,0.017381011645172056,0.33084447200288203,0.37341787620197714,28.333333333333332,2.592724864350674,0.0
f19ea4af5647,vicsek,1.465,3,0.0,0.0,0.0,0.0,0.07407407407407407,0.0,0.007627796977197346,8.673617379884035e-19,0.007627796977197345,0.007627796977197345,34.666666666666664,46.19764303752111,0.0
558be82199a8,triangle,1.585,3,1.0,0.0,1.0,1.0,0.5369135802469135,0.04133998500986378,0.35839366594415867,0.01774679595960758,0.3363310561844369,0.3797861526190943,60.833333333333336,1.247219128924647,0.06288555564162393
1c59d2a66ad4,triangle,1.585,6,0.0,0.0,0.0,0.0,0.1451851851851852,0.053978860872797504,0.015238759926788192,0.0056008320284419945,0.007849813556829151,0.02197605588913749,100.0,0.0,0.0009360859591954009
b1b4b38a6c15,triangle,1.585,3,0.0,0.0,0.0,0.0,0.15753086419753085,0.06865174457525927,0.01649644989342042,0.007091351514141539,0.007849813556829151,0.025219502086942,100.0,0.0,0.0009103144837798884
b3413fffae90,triangle,1.585,3,0.0,0.0,0.0,0.0,0.12444444444444443,0.03562878261871478,0.013013260582119995,0.003690843408766993,0.007795285598814404,0.015736442676341857,100.0,0.0,0.0008921135688121867
8c05ffa1fb2e,triangle,1.585,3,0.0,0.0,0.0,0.0,0.1408641975308642,0.05043236320706771,0.01469315104078283,0.005202140432370722,0.007795285598814404,0.020357481440634803,100.0,0.0,0.0008884626262982605
7005de29e981,triangle,1.585,3,0.0,0.0,0.0,0.0,0.12580246913580248,0.036580311496049296,0.013152808708659132,0.0037886275205486347,0.007795285598814404,0.0158886432852075,100.0,0.0,0.0008741026696716936
b0e465bda105,triangle,1.585,3,0.006666666666666667,0.009428090415820633,0.0,0.02,0.30901234567901237,0.11691051660110481,0.03180928350498414,0.011749721346339993,0.01626692568992147,0.04467067485762784,100.0,0.0,0.0005060372626417498
4d0bce405664,triangle,1.585,3,0.09333333333333334,0.11813363431112903,0.0,0.26,0.29345679012345677,0.10624459246395142,0.0300691000166461,0.010644964652858267,0.015812548865076794,0.04138497283165026,100.0,0.0,0.00046147096217725244
beb5faba664a,triangle,1.585,6,0.0,0.0,0.0,0.0,0.11716049382716048,0.06102937544307248,0.012414876012373082,0.006378291371415704,0.00791164465005559,0.022032277556096252,100.0,0.0,0.000453091653727688
08176053c569,triangle,1.585,3,0.0,0.0,0.0,0.0,0.07407407407407407,0.0,0.007849813556829151,0.0,0.007849813556829151,0.007849813556829151,100.0,0.0,0.0004495299113524503
12d754e66fe1,triangle,1.585,3,0.0,0.0,0.0,0.0,0.09925925925925926,0.035617230459766835,0.010404277506254138,0.00368967173962292,0.007795285598814404,0.0156222613211336,100.0,0.0,0.00044638913431971274
3b532e09a047,triangle,1.585,3,0.0,0.0,0.0,0.0,0.07407407407407407,0.0,0.007849813556829151,0.0,0.007849813556829151,0.007849813556829151,100.0,0.0,0.0004423945159341575
7dcb529d87ad,triangle,1.585,3,0.0,0.0,0.0,0.0,0.07407407407407407,0.0,0.007795285598814404,0.0,0.007795285598814404,0.007795285598814404,100.0,0.0,0.00043930359250511414
857d0fdbb7e1,triangle,1.585,6,0.08,0.1270170592217177,0.0,0.34,0.22475308641975303,0.13723799357338615,0.023086163380100107,0.013845601645033002,0.007795285598814404,0.04185402377571975,100.0,0.0,0.00043930359250511414
f140e0bee21b,triangle,1.585,3,0.0,0.0,0.0,0.0,0.07407407407407407,0.0,0.007795285598814404,0.0,0.007795285598814404,0.007795285598814404,100.0,0.0,0.0004336351590534352
8c968f045470,triangle,1.585,6,0.0,0.0,0.0,0.0,0.09574074074074074,0.04844813951249544,0.010096903436895217,0.005024645723379575,0.007849813556829151,0.021332352837225555,100.0,0.0,0.00043347527166129134
1927b2cc86f9,triangle,1.585,3,0.0,0.0,0.0,0.0,0.07407407407407407,0.0,0.007849813556829151,0.0,0.007849813556829151,0.007849813556829151,100.0,0.0,0.0004324049623485474
356b0fd89563,triangle,1.585,3,0.0,0.0,0.0,0.0,0.07407407407407407,0.0,0.007849813556829151,0.0,0.007849813556829151,0.007849813556829151,100.0,0.0,0.0004324049623485474
bb2bd978d6c0,triangle,1.585,3,0.0,0.0,0.0,0.0,0.1519753086419753,0.1101689824515337,0.015842450620776546,0.01130329573496028,0.007849813556829151,0.031827724748671335,100.0,0.0,0.0004324049623485474
33ef433496fe,triangle,1.585,3,0.0,0.0,0.0,0.0,0.10148148148148146,0.038759927265040385,0.01063250785056266,0.004012438187889115,0.007795285598814404,0.01630695235405917,100.0,0.0,0.0004322180506905155
7f64f65194b9,triangle,1.585,6,0.0,0.0,0.0,0.0,0.14722222222222223,0.08523716878712055,0.015297272472267899,0.008707144866965595,0.007795285598814404,0.031206552586249926,100.0,0.0,0.0004322180506905155
8a1d3a72da8e,triangle,1.585,3,0.0,0.0,0.0,0.0,0.11358024691358026,0.055870165427085255,0.011869546420742066,0.005761874911015453,0.007795285598814404,0.02001806806459739,100.0,0.0,0.0004322180506905155
ee44a9122d60,triangle,1.585,6,0.0,0.0,0.0,0.0,0.08820987654320987,0.03160861523749703,0.009258231987226561,0.0032712475719273936,0.007795285598814404,0.016572963929287345,100.0,0.0,0.0004322180506905155
0e34e01c2f8b,triangle,1.585,6,0.0,0.0,0.0,0.0,0.11925925925925925,0.10103714564999053,0.012467931880794958,0.010326426500524937,0.007849813556829151,0.03555852350062399,100.0,0.0,0.00043169142280671813
2ca7ab193870,triangle,1.585,3,0.0,0.0,0.0,0.0,0.11679012345679012,0.060409616368035914,0.012280831412134388,0.006266405546090009,0.007849813556829151,0.02114286712274486,100.0,0.0,0.00043169142280671813
57b49882536f,triangle,1.585,3,0.0,0.0,0.0,0.0,0.10086419753086419,0.037886955930242175,0.010642756089558322,0.003949817208714257,0.007849813556829151,0.016228641155016668,100.0,0.0,0.00043169142280671813
b217bc8bbdf6,triangle,1.585,3,0.0,0.0,0.0,0.0,0.10111111111111111,0.03823614446416146,0.010668278119610566,0.0039859108097534315,0.007849813556829151,0.016305207245173394,100.0,0.0,0.00043169142280671813
902be5a94cfd,triangle,1.585,3,0.0,0.0,0.0,0.0,0.14580246913580247,0.10143926910355164,0.015119029861117093,0.0103573384631006,0.007795285598814404,0.02976651838572247,100.0,0.0,0.00042938383396467605
97c4b82ed1da,triangle,1.585,3,0.0,0.0,0.0,0.0,0.10037037037037037,0.0371885788624036,0.010518432379030771,0.0038511111089146125,0.007795285598814404,0.015964725939463506,100.0,0.0,0.00042938383396467605
a1d53ad7bc4c,triangle,1.585,3,0.0,0.0,0.0,0.0,0.07407407407407407,0.0,0.007795285598814404,0.0,0.007795285598814404,0.007795285598814404,100.0,0.0,0.00042938383396467605
2f3e5a4d7465,triangle,1.585,9,0.0,0.0,0.0,0.0,0.0925514403292181,0.05226188390991931,0.00969143502006769,0.00536312045564459,0.007795285598814404,0.024860630390093993,100.0,0.0,0.00042867527978321623
4b5c9c1cd82d,triangle,1.585,3,0.0,0.0,0.0,0.0,0.07407407407407407,0.0,0.007795285598814404,0.0,0.007795285598814404,0.007795285598814404,100.0,0.0,0.00042867527978321623
5ec691cc9327,triangle,1.585,12,0.0,0.0,0.0,0.0,0.12197530864197527,0.06082505690609697,0.012731992944368045,0.006258858680012819,0.007795285598814404,0.025122036499619756,100.0,0.0,0.00042867527978321623
d1abb11b7947,triangle,1.585,3,0.0,0.0,0.0,0.0,0.10024691358024691,0.03701398459544397,0.010505752426842695,0.0038331789485599936,0.007795285598814404,0.01592668608289928,100.0,0.0,0.00042867527978321623
c6930e76ba53,triangle,1.585,6,0.0,0.0,0.0,0.0,0.08703703703703702,0.02898606637499727,0.009137837590019848,0.0030020375156630703,0.007795285598814404,0.015850597546047063,100.0,0.0,0.00042840275894419317
88ff75153174,triangle,1.585,9,0.0,0.0,0.0,0.0,0.16,0.09483796013795096,0.016591600643520298,0.009638057656208662,0.007795285598814404,0.037943302606908307,100.0,0.0,0.00033825760488822947
2401ee1acacf,triangle,1.585,6,0.0,0.0,0.0,0.0,0.08746913580246914,0.029952268587497183,0.009246284823193738,0.0031226046802164302,0.007849813556829151,0.016228641155016668,100.0,0.0,0.00033271329493296997
40a1d8631379,triangle,1.585,3,0.0,0.0,0.0,0.0,0.09888888888888887,0.035093447658887916,0.010301887028313859,0.0036135382296966787,0.007746729642018504,0.015412201800904565,100.0,0.0,0.00032685767284605785
5c9c37f2e257,triangle,1.585,12,0.0,0.0,0.0,0.0,0.10796296296296297,0.05254899514470166,0.01136994399723825,0.0054459101573566425,0.007849813556829151,0.025031518756304164,100.0,0.0,0.00031996615244134306
53d3d275a68c,triangle,1.585,9,0.0,0.0,0.0,0.0,0.11794238683127573,0.05125765093908473,0.012412015545455318,0.0053260841061560675,0.007849813556829151,0.021180770135408256,100.0,0.0,0.0003158107478641827
c6f23b9bd0f5,triangle,1.585,3,0.0,0.0,0.0,0.0,0.10607407407407406,0.04286800916090338,0.01103663317358461,0.004405054198423195,0.007746729642018504,0.017262977173319084,100.0,0.0,0.0003085861259167751
6fd89e84edbf,triangle,1.585,12,0.0,0.0,0.0,0.0,0.09709876543209876,0.041109674464201974,0.010246168670906079,0.0042759548278951676,0.007849813556829151,0.020308257541600053,100.0,0.0,0.0003021839959647027
c04bc1789a5b,triangle,1.585,6,0.0,0.0,0.0,0.0,0.08851851851851851,0.032298759674996964,0.009354690172692965,0.003365006410821328,0.007849813556829151,0.01687907325201204,100.0,0.0,0.0003021839959647027
afaba91fcbcf,triangle,1.585,3,0.0,0.0,0.0,0.0,0.07407407407407407,0.0,0.007795285598814404,0.0,0.007795285598814404,0.007795285598814404,100.0,0.0,0.0002881453671270103
dbde6f20b96e,triangle,1.585,3,0.0,0.0,0.0,0.0,0.07407407407407407,0.0,0.007849813556829151,0.0,0.007849813556829151,0.007849813556829151,100.0,0.0,0.0002877942818711455
938588348233,triangle,1.585,6,0.0,0.0,0.0,0.0,0.1374691358024691,0.07688387453221185,0.014406673614283457,0.007914947270600287,0.007849813556829151,0.029821174123090145,100.0,0.0,0.0002877942818711454
b6a8df095e9e,triangle,1.585,3,0.0,0.0,0.0,0.0,0.10074074074074073,0.037712361663282526,0.010556466354476676,0.0039048992728211757,0.007795285598814404,0.01607882786580122,100.0,0.0,0.0002576303003788056
92c922856877,triangle,1.585,3,0.09999999999999999,0.1414213562373095,0.0,0.3,0.1859259259259259,0.15818240586543508,0.01907605565744916,0.0159534180109336,0.007795285598814404,0.041637595774718664,100.0,0.0,0.00022777506592104132
86894a252315,triangle,1.585,3,0.0,0.0,0.0,0.0,0.09888888888888887,0.035093447658887916,0.010438436731119626,0.003660866000954883,0.007849813556829151,0.015615683079700578,100.0,0.0,0.0002176295602579323
0030afd4bece,triangle,1.585,3,0.0,0.0,0.0,0.0,0.07407407407407407,0.0,0.007663693559671037,0.0,0.007663693559671037,0.007663693559671037,2.0,0.0,0.0
045da1287067,triangle,1.585,3,0.0,0.0,0.0,0.0,0.07407407407407407,0.0,0.007663693559671037,0.0,0.007663693559671037,0.007663693559671037,2.0,0.0,0.0
0c60379d2d93,triangle,1.585,3,0.08,0.04320493798938573,0.02,0.12,0.19350617283950614,0.13747347695585266,0.019584141934743723,0.013639203869145494,0.009477956279984493,0.038865396340831394,10.333333333333334,1.1785113019775793,0.0
10f2fe4f5b0b,triangle,1.585,3,0.0,0.0,0.0,0.0,0.07407407407407407,0.0,0.007795285598814404,0.0,0.007795285598814404,0.007795285598814404,10.333333333333334,2.4608038433722332,0.0
15ab2f2c3301,triangle,1.585,3,0.0,0.0,0.0,0.0,0.07407407407407407,0.0,0.007795285598814404,0.0,0.007795285598814404,0.007795285598814404,2.0,0.0,0.0
1d9d3b71d17e,triangle,1.585,3,0.0,0.0,0.0,0.0,0.07407407407407407,0.0,0.007795285598814404,0.0,0.007795285598814404,0.007795285598814404,9.166666666666666,1.247219128924647,0.0
1df4eef86f63,triangle,1.585,3,0.0,0.0,0.0,0.0,0.07407407407407407,0.0,0.007795285598814404,0.0,0.007795285598814404,0.007795285598814404,9.5,0.408248290463863,0.0
21880e6efd8f,triangle,1.585,3,0.0,0.0,0.0,0.0,0.07407407407407407,0.0,0.007795285598814404,0.0,0.007795285598814404,0.007795285598814404,2.0,0.0,0.0
2d617f12733d,triangle,1.585,3,0.0,0.0,0.0,0.0,0.07407407407407407,0.0,0.007795285598814404,0.0,0.007795285598814404,0.007795285598814404,8.166666666666666,0.4714045207910317,0.0
3b0972b76d80,triangle,1.585,3,0.0,0.0,0.0,0.0,0.07407407407407407,0.0,0.007795285598814404,0.0,0.007795285598814404,0.007795285598814404,6.5,0.0,0.0
3f4a8843f55c,triangle,1.585,3,1.0,0.0,1.0,1.0,0.6485185185185186,0.12969949440046646,0.4004773092388172,0.0513920130463234,0.32794689947726907,0.4407690824223337,32.333333333333336,0.8498365855987975,0.0
48ae0cc4bff1,triangle,1.585,3,1.0,0.0,1.0,1.0,0.541283950617284,0.007210299328040318,0.36193021439422646,0.0030685601598104345,0.3589178016767093,0.3661416230367467,40.333333333333336,1.0274023338281628,0.0
4c140d14e589,triangle,1.585,3,0.0,0.0,0.0,0.0,0.07407407407407407,0.0,0.007849813556829151,0.0,0.007849813556829151,0.007849813556829151,11.666666666666666,2.656229575084871,0.0
503a28ad6220,triangle,1.585,3,0.52,0.05887840577551896,0.46,0.6,0.5699506172839507,0.08029703278176512,0.12339634872023376,0.10148900403611191,0.0509273309288423,0.2669211554327692,111.0,0.0,0.0
54ad92037fcd,triangle,1.585,3,0.0,0.0,0.0,0.0,0.07407407407407407,0.0,0.007663693559671037,0.0,0.007663693559671037,0.007663693559671037,2.0,0.0,0.0
5e3bf3688a7c,triangle,1.585,3,1.0,0.0,1.0,1.0,0.5557283950617284,0.03334580470858145,0.3690663346689209,0.01382822063948642,0.35523588802511863,0.38795522026709245,71.33333333333333,1.247219128924647,0.0
63b64a2bfb02,triangle,1.585,3,0.0,0.0,0.0,0.0,0.07407407407407407,0.0,0.00791164465005559,0.0,0.00791164465005559,0.00791164465005559,49.0,33.324165405903265,0.0
730a6ca25275,triangle,1.585,3,1.0,0.0,1.0,1.0,0.6023950617283952,0.06807232317723945,0.3858246025299674,0.026768355575765398,0.3534477449114381,0.4190018985294842,72.33333333333333,1.8856180831641267,0.0
7697331cefb8,triangle,1.585,3,1.0,0.0,1.0,1.0,0.5954814814814814,0.03076473851347464,0.3827953304327685,0.01220440635646841,0.36794893497273373,0.3978415005590303,60.833333333333336,3.2744804507314167,0.0
79857ddc8122,triangle,1.585,3,0.04,0.0,0.04,0.04,0.09582716049382715,0.023068362912752834,0.009993212584585095,0.0023789371757395343,0.00825379376441001,0.013356880646131985,8.666666666666666,1.1785113019775793,0.0
7aeedcb0e51c,triangle,1.585,3,0.006666666666666667,0.009428090415820633,0.0,0.02,0.10264197530864198,0.03387630925305239,0.010690096161992518,0.0034860877237133953,0.007862017012845189,0.015601375744165953,7.166666666666667,0.8498365855987975,0.0
87f9c806ace9,triangle,1.585,3,0.0,0.0,0.0,0.0,0.07407407407407407,0.0,0.007849813556829151,0.0,0.007849813556829151,0.007849813556829151,6.166666666666667,1.6499158227686108,0.0
91809320e32b,triangle,1.585,3,1.0,0.0,1.0,1.0,0.6536296296296298,0.09353237643321015,0.40455797638173835,0.03389292248602333,0.3677283116660311,0.4495392751900219,29.166666666666668,1.649915822768611,0.0
95c358136632,triangle,1.585,3,1.0,0.0,1.0,1.0,0.5491604938271605,0.043849780286961,0.36474706792089634,0.01854805347030939,0.3416848824040652,0.38710161348775673,34.833333333333336,4.027681991198191,0.0
9f8179fe1e61,triangle,1.585,3,0.0,0.0,0.0,0.0,0.07407407407407407,0.0,0.007849813556829151,0.0,0.007849813556829151,0.007849813556829151,2.0,0.0,0.0
a4dd290f4cf0,triangle,1.585,3,0.0,0.0,0.0,0.0,0.07407407407407407,0.0,0.007849813556829151,0.0,0.007849813556829151,0.007849813556829151,8.833333333333334,0.4714045207910317,0.0
a5a821a11fc0,triangle,1.585,3,0.0,0.0,0.0,0.0,0.07407407407407407,0.0,0.007795285598814404,0.0,0.007795285598814404,0.007795285598814404,6.666666666666667,1.247219128924647,0.0
affa87c16f0d,triangle,1.585,3,0.0,0.0,0.0,0.0,0.07407407407407407,0.0,0.007849813556829151,0.0,0.007849813556829151,0.007849813556829151,8.0,2.6770630673681683,0.0
b5b0b5766323,triangle,1.585,3,0.06,0.0282842712474619,0.02,0.08,0.21298765432098765,0.10313788025820025,0.021615486365682775,0.010264855392811096,0.009985367201869703,0.03495425052243909,6.666666666666667,1.4337208778404378,0.0
b9f464acf44c,triangle,1.585,3,0.0,0.0,0.0,0.0,0.07407407407407407,0.0,0.007849813556829151,0.0,0.007849813556829151,0.007849813556829151,10.166666666666666,0.6236095644623235,0.0
c11709ec0677,triangle,1.585,3,1.0,0.0,1.0,1.0,0.7127407407407408,0.04042739205476073,0.427239426775349,0.013773248354703555,0.41221519944182805,0.4454873683158008,28.5,1.632993161855452,0.0
c8f1927d1bea,triangle,1.585,6,1.0,0.0,1.0,1.0,0.5259629629629631,0.06618575168845692,0.3528649023834662,0.029013053415168567,0.3043857369062059,0.3913598418962235,64.91666666666667,3.3839900840411588,0.0
c94cc4026d02,triangle,1.585,3,0.0,0.0,0.0,0.0,0.07407407407407407,0.0,0.007795285598814404,0.0,0.007795285598814404,0.007795285598814404,2.0,0.0,0.0
d2eeb38ce6fc,triangle,1.585,3,1.0,0.0,1.0,1.0,0.5247160493827161,0.03197085626087207,0.35331815987313836,0.013727414580594096,0.3425982702906327,0.37269508872321877,45.333333333333336,4.027681991198191,0.0
d7aac436ba30,triangle,1.585,6,0.0,0.0,0.0,0.0,0.07407407407407407,0.0,0.007663693559671037,0.0,0.007663693559671037,0.007663693559671037,2.0,0.0,0.0
df769b3c2842,triangle,1.585,3,0.0,0.0,0.0,0.0,0.07407407407407407,0.0,0.007703129257727061,8.673617379884035e-19,0.00770312925772706,0.00770312925772706,2.0,0.0,0.0
e6cb1504fc33,triangle,1.585,3,0.0,0.0,0.0,0.0,0.07407407407407407,0.0,0.007795285598814404,0.0,0.007795285598814404,0.007795285598814404,9.166666666666666,2.6246692913372702,0.0
8776b2026957,carpet,1.893,9,0.7844444444444444,0.29601468098394157,0.22,1.0,0.5969958847736625,0.09654507977798941,0.29639387151656754,0.15495642102124735,0.04527176109031953,0.4304964903145952,28.555555555555557,6.211299937499416,0.1633393790874058
1f74e2e49e77,carpet,1.893,3,0.4066666666666667,0.3125522178594945,0.0,0.76,0.4252345679012346,0.25437378811838074,0.13442990648349898,0.14859590487258606,0.007663693559671037,0.3429641750594898,33.5,1.632993161855452,0.02750470615518832
90c76de9b665,carpet,1.893,3,0.45333333333333337,0.3205550741379016,0.0,0.68,0.4294567901234568,0.25129485490153747,0.19628377745607764,0.13331611321629655,0.007746729642018504,0.29089180956622085,32.166666666666664,0.9428090415820634,0.017605999666127664
4f0247a13700,carpet,1.893,3,0.11333333333333334,0.1602775370689508,0.0,0.34,0.15190123456790125,0.11006422589135792,0.01563040663814048,0.011149202929284483,0.007746729642018504,0.031397760630384436,34.5,0.816496580927726,0.0020231106311616462
6ffa25370ec3,carpet,1.893,6,0.3233333333333333,0.3461053147365537,0.0,0.88,0.30720987654320986,0.23443460150057766,0.10803881342395151,0.132843371779215,0.007746729642018504,0.3496583320444508,32.5,1.8257418583505538,0.0006924032839024604
01261b44fef4,carpet,1.893,3,0.0,0.0,0.0,0.0,0.07407407407407407,0.0,0.007746729642018504,0.0,0.007746729642018504,0.007746729642018504,2.0,0.0,0.0
04f5f3f8872f,carpet,1.893,3,0.0,0.0,0.0,0.0,0.07407407407407407,0.0,0.007795285598814404,0.0,0.007795285598814404,0.007795285598814404,2.0,0.0,0.0
09e3fc0ae0af,carpet,1.893,12,0.3033333333333333,0.3706600718837799,0.0,1.0,0.3312098765432099,0.294326441659633,0.1383688556743067,0.16366905028333417,0.007746729642018504,0.4689312710516845,30.916666666666668,3.277660073216189,0.0
1989921a3edd,carpet,1.893,3,0.0,0.0,0.0,0.0,0.07407407407407407,0.0,0.007795285598814404,0.0,0.007795285598814404,0.007795285598814404,2.0,0.0,0.0
26847e778517,carpet,1.893,3,0.0,0.0,0.0,0.0,0.07407407407407407,0.0,0.007849813556829151,0.0,0.007849813556829151,0.007849813556829151,2.0,0.0,0.0
276608fd27f8,carpet,1.893,3,0.0,0.0,0.0,0.0,0.07407407407407407,0.0,0.007795285598814404,0.0,0.007795285598814404,0.007795285598814404,2.0,0.0,0.0
2d1cfb8a3bb0,carpet,1.893,3,0.0,0.0,0.0,0.0,0.07407407407407407,0.0,0.007746729642018504,0.0,0.007746729642018504,0.007746729642018504,2.0,0.0,0.0
2fac81f583e7,carpet,1.893,3,0.0,0.0,0.0,0.0,0.07407407407407407,0.0,0.007746729642018504,0.0,0.007746729642018504,0.007746729642018504,2.0,0.0,0.0
387b7349ba27,carpet,1.893,3,0.0,0.0,0.0,0.0,0.07407407407407407,0.0,0.007795285598814404,0.0,0.007795285598814404,0.007795285598814404,2.0,0.0,0.0
3d5e28cc49b9,carpet,1.893,9,0.0,0.0,0.0,0.0,0.07407407407407407,0.0,0.007663693559671037,0.0,0.007663693559671037,0.007663693559671037,2.0,0.0,0.0
3d832e50a4f9,carpet,1.893,3,0.0,0.0,0.0,0.0,0.07407407407407407,0.0,0.007663693559671037,0.0,0.007663693559671037,0.007663693559671037,2.0,0.0,0.0
3db57b685f55,carpet,1.893,3,0.0,0.0,0.0,0.0,0.07407407407407407,0.0,0.007746729642018504,0.0,0.007746729642018504,0.007746729642018504,2.0,0.0,0.0
48ffef65f363,carpet,1.893,3,0.20666666666666667,0.29227080289043966,0.0,0.62,0.3007407407407407,0.3205550741379015,0.1063861915673852,0.13935148216965038,0.007849813556829151,0.3034589475884973,22.5,28.991378028648448,0.0
519c6f5d25f4,carpet,1.893,3,0.0,0.0,0.0,0.0,0.07407407407407407,0.0,0.007795285598814404,0.0,0.007795285598814404,0.007795285598814404,2.0,0.0,0.0
6140dcfafcd1,carpet,1.893,3,0.0,0.0,0.0,0.0,0.07407407407407407,0.0,0.007795285598814404,0.0,0.007795285598814404,0.007795285598814404,2.0,0.0,0.0
6681723ab118,carpet,1.893,3,0.0,0.0,0.0,0.0,0.07407407407407407,0.0,0.007795285598814404,0.0,0.007795285598814404,0.007795285598814404,2.0,0.0,0.0
697d6c20b97d,carpet,1.893,3,0.0,0.0,0.0,0.0,0.07407407407407407,0.0,0.007795285598814404,0.0,0.007795285598814404,0.007795285598814404,2.0,0.0,0.0
77cb301925d3,carpet,1.893,24,0.0,0.0,0.0,0.0,0.07407407407407407,0.0,0.007795285598814404,0.0,0.007795285598814404,0.007795285598814404,9.625,25.31561194862438,0.0
7a17eb1699bd,carpet,1.893,3,0.0,0.0,0.0,0.0,0.07407407407407407,0.0,0.007746729642018504,0.0,0.007746729642018504,0.007746729642018504,2.0,0.0,0.0
9e5733b1faf3,carpet,1.893,3,0.0,0.0,0.0,0.0,0.07407407407407407,0.0,0.007663693559671037,0.0,0.007663693559671037,0.007663693559671037,2.0,0.0,0.0
a09c2053a301,carpet,1.893,3,0.0,0.0,0.0,0.0,0.07407407407407407,0.0,0.007663693559671037,0.0,0.007663693559671037,0.007663693559671037,2.0,0.0,0.0
a2dbf1c3682e,carpet,1.893,3,0.0,0.0,0.0,0.0,0.07407407407407407,0.0,0.007795285598814404,0.0,0.007795285598814404,0.007795285598814404,2.0,0.0,0.0
aeace4201296,carpet,1.893,3,0.0,0.0,0.0,0.0,0.07407407407407407,0.0,0.007663693559671037,0.0,0.007663693559671037,0.007663693559671037,2.0,0.0,0.0
b0a93096e9f2,carpet,1.893,3,0.0,0.0,0.0,0.0,0.07407407407407407,0.0,0.007663693559671037,0.0,0.007663693559671037,0.007663693559671037,2.0,0.0,0.0
b6e35f4c3b05,carpet,1.893,3,0.18666666666666668,0.2639865316429778,0.0,0.56,0.24679012345679008,0.24425737947653822,0.07369498857650193,0.09319625370740434,0.007795285598814404,0.20549439453187698,27.833333333333332,36.53385036130496,0.0
ba8cb4344ae4,carpet,1.893,3,0.0,0.0,0.0,0.0,0.07407407407407407,0.0,0.007746729642018504,0.0,0.007746729642018504,0.007746729642018504,2.0,0.0,0.0
be7f4c38471d,carpet,1.893,3,0.0,0.0,0.0,0.0,0.07407407407407407,0.0,0.007795285598814404,0.0,0.007795285598814404,0.007795285598814404,2.0,0.0,0.0
c30c1272a42e,carpet,1.893,3,0.0,0.0,0.0,0.0,0.07407407407407407,0.0,0.007663693559671037,0.0,0.007663693559671037,0.007663693559671037,2.0,0.0,0.0
ccd0bcceecf7,carpet,1.893,3,0.0,0.0,0.0,0.0,0.07407407407407407,0.0,0.007849813556829151,0.0,0.007849813556829151,0.007849813556829151,2.0,0.0,0.0
e4d11cb0ebb5,carpet,1.893,3,0.0,0.0,0.0,0.0,0.07407407407407407,0.0,0.007746729642018504,0.0,0.007746729642018504,0.007746729642018504,2.0,0.0,0.0
e94806a92662,carpet,1.893,3,0.0,0.0,0.0,0.0,0.07407407407407407,0.0,0.007795285598814404,0.0,0.007795285598814404,0.007795285598814404,2.0,0.0,0.0
eabb7cb3dd8f,carpet,1.893,3,0.7399999999999999,0.07118052168020872,0.68,0.84,0.5845185185185184,0.03652690660683289,0.30686292178023306,0.0358581582224739,0.2751541225210986,0.3569901284704992,47.0,10.962055768270233,0.0
ebd9ca971c21,carpet,1.893,3,0.0,0.0,0.0,0.0,0.07407407407407407,0.0,0.007795285598814404,0.0,0.007795285598814404,0.007795285598814404,2.0,0.0,0.0
eed5405ec752,carpet,1.893,3,0.0,0.0,0.0,0.0,0.07407407407407407,0.0,0.007795285598814404,0.0,0.007795285598814404,0.007795285598814404,2.0,0.0,0.0
f1ea821d628e,carpet,1.893,3,0.0,0.0,0.0,0.0,0.07407407407407407,0.0,0.007795285598814404,0.0,0.007795285598814404,0.007795285598814404,2.0,0.0,0.0
f30cb2a3a908,carpet,1.893,3,0.0,0.0,0.0,0.0,0.07407407407407407,0.0,0.007746729642018504,0.0,0.007746729642018504,0.007746729642018504,2.0,0.0,0.0
f797709bd7f4,carpet,1.893,3,0.0,0.0,0.0,0.0,0.07407407407407407,0.0,0.007663693559671037,0.0,0.007663693559671037,0.007663693559671037,2.0,0.0,0.0
f8c3c46b7690,carpet,1.893,3,0.0,0.0,0.0,0.0,0.07407407407407407,0.0,0.007746729642018504,0.0,0.007746729642018504,0.007746729642018504,2.0,0.0,0.0
fd32f5c8c30a,carpet,1.893,3,0.0,0.0,0.0,0.0,0.07407407407407407,0.0,0.007663693559671037,0.0,0.007663693559671037,0.007663693559671037,2.0,0.0,0.0
ffab03c7d192,carpet,1.893,3,0.0,0.0,0.0,0.0,0.07407407407407407,0.0,0.007795285598814404,0.0,0.007795285598814404,0.007795285598814404,2.0,0.0,0.0
ab7270a81cd6,grid,2.0,3,0.18666666666666668,0.2639865316429778,0.0,0.56,0.2692098765432099,0.2759636983564091,0.0797348070325641,0.10173784688223877,0.007795285598814404,0.22361384990006347,45.666666666666664,30.876996111812577,0.04315687405174294
9792099352be,grid,2.0,3,0.19999999999999998,0.282842712474619,0.0,0.6,0.21782716049382714,0.2032975644478064,0.07592280174782141,0.09634685730871778,0.007795285598814404,0.21217783404583546,26.5,34.64823227814083,0.029763288462704852
fd05d81ec72e,grid,2.0,3,0.2866666666666667,0.255255862921022,0.0,0.62,0.35074074074074074,0.1960951683327218,0.09254710289720365,0.09346655997474178,0.00770312925772706,0.2227479132056733,34.166666666666664,1.247219128924647,0.017642251314218555
f08d2e167ff2,grid,2.0,3,0.52,0.4092269134192748,0.0,1.0,0.407358024691358,0.2395911494917948,0.19592841971248895,0.15896162303345396,0.00770312925772706,0.3964911772980082,29.166666666666668,4.784233364802441,0.016190672903294383
7d4762b79839,grid,2.0,3,0.4066666666666667,0.3012566274052001,0.0,0.72,0.42908641975308637,0.2596052459153166,0.13141633911936884,0.14463636597406523,0.00770312925772706,0.3343431351699746,51.166666666666664,10.208928554075703,0.01092791237161223
881ada94475a,grid,2.0,3,0.36000000000000004,0.2592296279363144,0.0,0.6,0.419358024691358,0.2510457494113685,0.10712103734384822,0.11049438618587638,0.007795285598814404,0.26125548996383896,80.16666666666667,2.494438257849294,0.008932993731521984
d8b76e1bbf62,grid,2.0,3,0.2866666666666667,0.20417857108151405,0.0,0.46,0.3605679012345679,0.20317485860017256,0.03599982766007897,0.02006248084293218,0.00770312925772706,0.05194465981532995,32.833333333333336,1.247219128924647,0.0022763510566522617
9de8f0751d23,grid,2.0,3,0.0,0.0,0.0,0.0,0.07407407407407407,0.0,0.007703129257727061,8.673617379884035e-19,0.00770312925772706,0.00770312925772706,76.83333333333333,3.858612300930075,0.002067048912540949
48af11383e25,grid,2.0,3,0.0,0.0,0.0,0.0,0.07407407407407407,0.0,0.007795285598814404,0.0,0.007795285598814404,0.007795285598814404,27.5,36.062445840513924,0.0020389008078742932
3816b4b645e5,grid,2.0,9,0.0,0.0,0.0,0.0,0.1813991769547325,0.08696648533219119,0.018925768184412967,0.008930518595899089,0.007849813556829151,0.035006263536203334,100.0,0.0,0.0019177729902573324
7f60b89d3cde,grid,2.0,3,0.0,0.0,0.0,0.0,0.07407407407407407,0.0,0.007849813556829151,0.0,0.007849813556829151,0.007849813556829151,65.5,0.0,0.0015197465566234134
c90d2a1d59af,grid,2.0,3,0.0,0.0,0.0,0.0,0.07407407407407407,0.0,0.007703129257727061,8.673617379884035e-19,0.00770312925772706,0.00770312925772706,29.833333333333332,39.36227748605115,0.00151227965601383
2acde311fd63,grid,2.0,6,0.44,0.20297783130184438,0.0,0.6,0.4813827160493827,0.1955832643419598,0.12405682307496452,0.09116165504318605,0.007795285598814404,0.2516524130700997,72.0,7.205322107072429,0.001495075905643326
dd0a94dca80d,grid,2.0,3,0.22666666666666668,0.3205550741379016,0.0,0.68,0.24575308641975305,0.24279078763407724,0.10041642464084134,0.13098607099567866,0.007795285598814404,0.2856587027248952,41.666666666666664,28.06045061806544,0.0014930250470621966
69cbd033e129,grid,2.0,6,0.17,0.2518597493315145,0.0,0.64,0.21081481481481482,0.2069897558591622,0.045171570128149686,0.06286958468511954,0.007795285598814404,0.17888034466284525,39.25,37.263420401246044,0.0014889233298999377
f6192973f37b,grid,2.0,12,0.24,0.29268868558020256,0.0,0.74,0.29038888888888886,0.26127656980773917,0.09302803673182625,0.11859257228275649,0.007795285598814404,0.332578373946793,50.25,34.977671449083054,0.0014889233298999377
ed9161a33494,grid,2.0,3,0.20666666666666667,0.29227080289043966,0.0,0.62,0.19619753086419753,0.17270864887647724,0.07243506090170417,0.09141444690209613,0.007795285598814404,0.20171461150748368,76.83333333333333,2.357022603955158,0.0011839793030549168
858e75881eaa,grid,2.0,3,0.0,0.0,0.0,0.0,0.1397530864197531,0.049971490119085325,0.014680319829670016,0.005190043720328356,0.007849813556829151,0.020422151735634022,118.0,0.0,0.0011618368579386605
279277cd4f2f,grid,2.0,3,0.18666666666666668,0.2639865316429778,0.0,0.56,0.2479259259259259,0.245863646732567,0.0740077418596196,0.09363855364206604,0.007795285598814404,0.20643265438122999,77.83333333333333,6.599663291074444,0.0010749780338847814
48d47310310d,grid,2.0,6,0.19333333333333333,0.27341462205879835,0.0,0.58,0.2701481481481482,0.2774917473861129,0.0865904753251594,0.11147210910357647,0.007795285598814404,0.24928004882541488,58.083333333333336,25.609921037667327,0.000992615553266625
91f885c888b9,grid,2.0,3,0.0,0.0,0.0,0.0,0.15604938271604937,0.06304666428735574,0.016138938904508033,0.0064425395595348895,0.007746729642018504,0.023407109898186517,100.0,0.0,0.0009797768178726775
6ad8466e50ad,grid,2.0,3,0.0,0.0,0.0,0.0,0.1508641975308642,0.061149881703173786,0.01581771322520578,0.006330346863331351,0.007849813556829151,0.023336400428866727,100.0,0.0,0.0009374343799187437
01a5d3b59051,grid,2.0,3,0.3333333333333333,0.4714045207910317,0.0,1.0,0.21617283950617283,0.13981578229845407,0.10788583825327731,0.13493901614043963,0.00770312925772706,0.2986376908632069,86.16666666666667,19.563287612827814,0.0006891930668597256
27b98eaca06f,grid,2.0,3,0.0,0.0,0.0,0.0,0.11222222222222222,0.053949628490529186,0.011812672061426154,0.005604328242966645,0.007849813556829151,0.01973838907062016,100.0,0.0,0.0004495299113524503
c2bd24267a0d,grid,2.0,6,0.0,0.0,0.0,0.0,0.10691358024691357,0.048014851891199466,0.011265299786397098,0.0049906451463643635,0.007849813556829151,0.020270286924549876,100.0,0.0,0.0004495299113524503
c4a2911986dd,grid,2.0,3,0.0,0.0,0.0,0.0,0.09950617283950618,0.03596641899368611,0.010364945009400987,0.003702715681765963,0.007746729642018504,0.015601375744165953,100.0,0.0,0.00044359255600536423
d976156d980f,grid,2.0,3,0.0,0.0,0.0,0.0,0.11283950617283951,0.054822599825327396,0.011876015329878295,0.0056939091522967035,0.007849813556829151,0.019928418875976586,100.0,0.0,0.0004423945159341575
36af65245bec,grid,2.0,3,0.0,0.0,0.0,0.0,0.10469135802469136,0.04329937820599106,0.01089367693983242,0.004450455548641803,0.007746729642018504,0.01718757153546025,100.0,0.0,0.00043655140432273943
a2101d4504e3,grid,2.0,6,0.0,0.0,0.0,0.0,0.1162962962962963,0.059896267592509385,0.012145733470632284,0.006171031618002828,0.007795285598814404,0.02167519036393869,116.0,0.0,0.0004251325088759169
cf82a793c224,grid,2.0,3,0.0,0.0,0.0,0.0,0.07407407407407407,0.0,0.007849813556829151,0.0,0.007849813556829151,0.007849813556829151,100.0,0.0,0.0004213281104134833
adc027e9e09e,grid,2.0,6,0.06999999999999999,0.15652475842498526,0.0,0.42,0.17771604938271604,0.15687599718928316,0.0183675842291123,0.015862351991346207,0.007849813556829151,0.04894784309719167,100.0,0.0,0.00032266846059525147
4c933231dcd7,grid,2.0,3,0.0,0.0,0.0,0.0,0.1797530864197531,0.14945269251745302,0.01859980081365294,0.015202777773938145,0.007849813556829151,0.04009977532730052,100.0,0.0,0.0003159960828101125
004977b98085,grid,2.0,3,0.28,0.1986621923433512,0.0,0.44,0.33874074074074073,0.1945273474061909,0.034295073105388006,0.019421462525392903,0.007795285598814404,0.053798826188536285,52.0,35.37654590261746,0.0
06d46d34ff5e,grid,2.0,3,0.0,0.0,0.0,0.0,0.07407407407407407,0.0,0.007795285598814404,0.0,0.007795285598814404,0.007795285598814404,2.0,0.0,0.0
0888c52abd4f,grid,2.0,3,0.3333333333333333,0.4714045207910317,0.0,1.0,0.27644444444444444,0.12808936066830526,0.12106121815508154,0.1439363934182007,0.01718757153546025,0.3246035399760448,68.5,44.54772721475249,0.0
1428dd569476,grid,2.0,3,0.0,0.0,0.0,0.0,0.07407407407407407,0.0,0.007746729642018504,0.0,0.007746729642018504,0.007746729642018504,2.0,0.0,0.0
15d7ad5ec9c6,grid,2.0,3,0.0,0.0,0.0,0.0,0.07407407407407407,0.0,0.007663693559671037,0.0,0.007663693559671037,0.007663693559671037,2.0,0.0,0.0
16bddd3789bb,grid,2.0,3,0.07333333333333333,0.10370899457402698,0.0,0.22,0.1311111111111111,0.08066255133535431,0.013739917265640401,0.008329864548784937,0.007849813556829151,0.0255201246832629,18.5,23.33452377915607,0.0
1b92a1854a74,grid,2.0,3,0.0,0.0,0.0,0.0,0.07407407407407407,0.0,0.007849813556829151,0.0,0.007849813556829151,0.007849813556829151,2.0,0.0,0.0
1bc4607ed714,grid,2.0,3,0.0,0.0,0.0,0.0,0.07407407407407407,0.0,0.007795285598814404,0.0,0.007795285598814404,0.007795285598814404,57.666666666666664,39.573419811226266,0.0
1cc2fe1a305d,grid,2.0,3,0.0,0.0,0.0,0.0,0.07407407407407407,0.0,0.007746729642018504,0.0,0.007746729642018504,0.007746729642018504,24.166666666666668,31.348400632603607,0.0
1e4c2fdd3935,grid,2.0,3,0.15333333333333335,0.21684607956387458,0.0,0.46,0.24683950617283948,0.2443272171833221,0.024752916733427697,0.024050380428925135,0.007746729642018504,0.058765290916246084,52.333333333333336,35.92662275001955,0.0
22c430dc6a4a,grid,2.0,3,0.0,0.0,0.0,0.0,0.07407407407407407,0.0,0.007703129257727061,8.673617379884035e-19,0.00770312925772706,0.00770312925772706,24.166666666666668,31.348400632603607,0.0
237708b3072a,grid,2.0,3,0.0,0.0,0.0,0.0,0.07407407407407407,0.0,0.007746729642018504,0.0,0.007746729642018504,0.007746729642018504,2.0,0.0,0.0
279776ceacf9,grid,2.0,3,0.19333333333333333,0.27341462205879835,0.0,0.58,0.2532345679012346,0.25337120021183157,0.08179845339397444,0.1046562835544872,0.007795285598814404,0.22980478898429454,54.333333333333336,37.08623584146669,0.0
2a80a56542c2,grid,2.0,3,0.0,0.0,0.0,0.0,0.07407407407407407,0.0,0.007795285598814404,0.0,0.007795285598814404,0.007795285598814404,2.0,0.0,0.0
2bb16fd86289,grid,2.0,3,0.0,0.0,0.0,0.0,0.07407407407407407,0.0,0.007795285598814404,0.0,0.007795285598814404,0.007795285598814404,9.833333333333334,1.699673171197595,0.0
2d91666e2310,grid,2.0,3,0.0,0.0,0.0,0.0,0.07407407407407407,0.0,0.007746729642018504,0.0,0.007746729642018504,0.007746729642018504,2.0,0.0,0.0
3399fe8b7ced,grid,2.0,3,0.0,0.0,0.0,0.0,0.07407407407407407,0.0,0.007795285598814404,0.0,0.007795285598814404,0.007795285598814404,2.0,0.0,0.0
398549e95630,grid,2.0,3,0.0,0.0,0.0,0.0,0.07407407407407407,0.0,0.007849813556829151,0.0,0.007849813556829151,0.007849813556829151,2.0,0.0,0.0
408771d6482a,grid,2.0,3,0.17333333333333334,0.2451303508113365,0.0,0.52,0.2714814814814815,0.27917623286846655,0.06025953772488469,0.0741956568964501,0.007795285598814404,0.16518804197702527,52.333333333333336,36.04703717212954,0.0
49e9817d4c75,grid,2.0,3,0.20666666666666667,0.29227080289043966,0.0,0.62,0.280320987654321,0.2916771823827769,0.09954502282714428,0.12982239122510655,0.007746729642018504,0.28314160919739584,50.666666666666664,34.60812364492219,0.0
4a790a82bf65,grid,2.0,3,0.0,0.0,0.0,0.0,0.07407407407407407,0.0,0.007849813556829151,0.0,0.007849813556829151,0.007849813556829151,2.0,0.0,0.0
4af44dfb7010,grid,2.0,3,0.0,0.0,0.0,0.0,0.07407407407407407,0.0,0.007795285598814404,0.0,0.007795285598814404,0.007795285598814404,24.833333333333332,32.29120967418567,0.0
510de31abd94,grid,2.0,3,0.0,0.0,0.0,0.0,0.07407407407407407,0.0,0.007849813556829151,0.0,0.007849813556829151,0.007849813556829151,2.0,0.0,0.0
52d52894cc27,grid,2.0,3,0.12666666666666668,0.17913371790059204,0.0,0.38,0.19358024691358025,0.16900725041693285,0.019819961909811546,0.01700546032215864,0.007795285598814404,0.043869314531805835,49.666666666666664,35.861616744864634,0.0
538d26317e73,grid,2.0,12,0.23500000000000001,0.2834460560083112,0.0,0.72,0.25680246913580246,0.2219328441646397,0.0750244906084717,0.09415218965021037,0.007795285598814404,0.27666983618634766,70.79166666666667,21.20776030660056,0.0
54599b9ae233,grid,2.0,3,0.0,0.0,0.0,0.0,0.07407407407407407,0.0,0.007795285598814404,0.0,0.007795285598814404,0.007795285598814404,28.5,37.476659402887016,0.0
57c3530f7915,grid,2.0,3,0.0,0.0,0.0,0.0,0.07407407407407407,0.0,0.007795285598814404,0.0,0.007795285598814404,0.007795285598814404,2.0,0.0,0.0
586fd00078d0,grid,2.0,3,0.0,0.0,0.0,0.0,0.07407407407407407,0.0,0.007795285598814404,0.0,0.007795285598814404,0.007795285598814404,2.0,0.0,0.0
5c080ac4ca06,grid,2.0,3,0.0,0.0,0.0,0.0,0.07407407407407407,0.0,0.007849813556829151,0.0,0.007849813556829151,0.007849813556829151,2.0,0.0,0.0
60c6414a7b8e,grid,2.0,3,0.35333333333333333,0.2562984371565478,0.0,0.6,0.44303703703703706,0.26095489942441713,0.10740404732074045,0.1050389059164401,0.007795285598814404,0.252645991935985,48.0,32.957042747592915,0.0
61c00a1dba56,grid,2.0,3,0.0,0.0,0.0,0.0,0.07407407407407407,0.0,0.007795285598814404,0.0,0.007795285598814404,0.007795285598814404,27.166666666666668,35.59104131972289,0.0
61d32b8e2816,grid,2.0,3,0.09333333333333334,0.03771236166328253,0.04,0.12,0.20572839506172838,0.07133771337227299,0.02105259951242902,0.007188290213425686,0.011305516840013631,0.028426752538098315,9.0,1.4142135623730951,0.0
719dfa53cd21,grid,2.0,6,0.16,0.3577708763999663,0.0,0.96,0.1862222222222222,0.2507708828099764,0.07833624347462743,0.1578429514283753,0.007746729642018504,0.4312838126376721,23.166666666666668,29.93418707023051,0.0
734f36b848f2,grid,2.0,12,0.9983333333333334,0.005527707983925672,0.98,1.0,0.7189382716049383,0.10972728939003563,0.4253636182724286,0.04072369479356064,0.3201274681441929,0.4668217495264145,28.75,3.125833222251842,0.0
79f54eedb5de,grid,2.0,3,1.0,0.0,1.0,1.0,0.5417283950617284,0.0414487672293348,0.3616417299836429,0.017790504269946748,0.33860907586917693,0.3819259357239452,22.333333333333332,0.6236095644623235,0.0
7e70d269e491,grid,2.0,3,0.0,0.0,0.0,0.0,0.07407407407407407,0.0,0.007795285598814404,0.0,0.007795285598814404,0.007795285598814404,2.0,0.0,0.0
84e9473dc95e,grid,2.0,3,0.18666666666666668,0.2639865316429778,0.0,0.56,0.21837037037037035,0.20406577922242883,0.06562125162036216,0.0817782654049986,0.007795285598814404,0.18127318366345768,41.0,28.008927148321835,0.0
857cd4326b98,grid,2.0,3,0.0,0.0,0.0,0.0,0.07407407407407407,0.0,0.007663693559671037,0.0,0.007663693559671037,0.007663693559671037,2.0,0.0,0.0
86824c726c8b,grid,2.0,6,0.49,0.3629049462324811,0.0,0.92,0.47193827160493823,0.28299770136666164,0.21863721525794247,0.158258596393992,0.007746729642018504,0.41683061003030136,28.333333333333332,1.0671873729054748,0.0
86b40e22afe7,grid,2.0,3,0.18000000000000002,0.25455844122715715,0.0,0.54,0.27192592592592596,0.27980477222952127,0.07172229862719408,0.09047511731937086,0.007746729642018504,0.19967343659754525,24.833333333333332,32.29120967418567,0.0
8de763b065ca,grid,2.0,3,0.18666666666666668,0.2639865316429778,0.0,0.56,0.21367901234567901,0.19743119707796247,0.06332418183708037,0.07871581741022096,0.007663693559671037,0.17464515839189904,16.166666666666668,20.034692133618847,0.0
8f668b5c7265,grid,2.0,6,0.08,0.17888543819998315,0.0,0.48,0.15074074074074073,0.17143187827498385,0.015430883348556792,0.01707371561726841,0.007795285598814404,0.05360887209726874,34.083333333333336,32.5440940195845,0.0
9042baa29209,grid,2.0,3,0.0,0.0,0.0,0.0,0.07407407407407407,0.0,0.007795285598814404,0.0,0.007795285598814404,0.007795285598814404,2.0,0.0,0.0
9299569fdf51,grid,2.0,6,1.0,0.0,1.0,1.0,0.7464691358024691,0.09499707276954007,0.43577701428482785,0.033726374515574246,0.364942052129833,0.4727909377362415,30.916666666666668,3.0196118219989065,0.0
988ba1a6dbbc,grid,2.0,3,0.0,0.0,0.0,0.0,0.07407407407407407,0.0,0.007795285598814404,0.0,0.007795285598814404,0.007795285598814404,2.0,0.0,0.0
9e5bc73f1b70,grid,2.0,3,0.0,0.0,0.0,0.0,0.07407407407407407,0.0,0.007703129257727061,8.673617379884035e-19,0.00770312925772706,0.00770312925772706,8.166666666666666,8.720983634634086,0.0
9ef24ab6e07b,grid,2.0,3,0.0,0.0,0.0,0.0,0.07407407407407407,0.0,0.007849813556829151,0.0,0.007849813556829151,0.007849813556829151,2.0,0.0,0.0
a109d8621e97,grid,2.0,3,0.0,0.0,0.0,0.0,0.07407407407407407,0.0,0.007746729642018504,0.0,0.007746729642018504,0.007746729642018504,2.0,0.0,0.0
a20e0a093469,grid,2.0,3,0.0,0.0,0.0,0.0,0.07407407407407407,0.0,0.007795285598814404,0.0,0.007795285598814404,0.007795285598814404,2.0,0.0,0.0
a263ebc5c843,grid,2.0,3,0.7133333333333334,0.07717224601860147,0.64,0.82,0.6255555555555555,0.023736166042937983,0.3059082142597653,0.023449701530573745,0.281767091116413,0.3376698241235617,33.166666666666664,0.4714045207910317,0.0
a7886efb5511,grid,2.0,3,0.0,0.0,0.0,0.0,0.07407407407407407,0.0,0.00791164465005559,0.0,0.00791164465005559,0.00791164465005559,2.0,0.0,0.0
aaf08dbfed5b,grid,2.0,3,0.0,0.0,0.0,0.0,0.07407407407407407,0.0,0.007703129257727061,8.673617379884035e-19,0.00770312925772706,0.00770312925772706,2.0,0.0,0.0
ac75d2e56758,grid,2.0,6,0.15333333333333332,0.21807236311728168,0.0,0.5,0.20659259259259258,0.20730292782930648,0.021000364317564846,0.020529202384838022,0.007795285598814404,0.062178725026369334,58.75,26.387733892852566,0.0
b1660e309403,grid,2.0,3,0.0,0.0,0.0,0.0,0.07407407407407407,0.0,0.007795285598814404,0.0,0.007795285598814404,0.007795285598814404,2.0,0.0,0.0
b5a1e4882d7e,grid,2.0,3,0.0,0.0,0.0,0.0,0.07407407407407407,0.0,0.007663693559671037,0.0,0.007663693559671037,0.007663693559671037,2.0,0.0,0.0
b806f3a525f6,grid,2.0,3,0.14666666666666667,0.20741798914805396,0.0,0.44,0.22338271604938267,0.21115430646099023,0.022683687132731205,0.02105537937132153,0.007795285598814404,0.052460490200564806,27.166666666666668,35.59104131972289,0.0
b99a3d98e408,grid,2.0,6,0.16666666666666666,0.372677996249965,0.0,1.0,0.14506172839506173,0.12209901509168201,0.05786488041333662,0.10798813256837428,0.00770312925772706,0.2992100216769894,24.5,33.96934892909587,0.0
c5eac6033db4,grid,2.0,3,0.0,0.0,0.0,0.0,0.07407407407407407,0.0,0.007746729642018504,0.0,0.007746729642018504,0.007746729642018504,2.0,0.0,0.0
caef7311d6fc,grid,2.0,3,0.0,0.0,0.0,0.0,0.07407407407407407,0.0,0.007746729642018504,0.0,0.007746729642018504,0.007746729642018504,2.0,0.0,0.0
cb34d510dcbd,grid,2.0,3,0.84,0.028284271247461926,0.82,0.88,0.6071604938271605,0.04363804791380787,0.35089640032037545,0.015298806957484642,0.3305692304948461,0.3674775288945917,48.666666666666664,14.744113703064315,0.0
d4748e316123,grid,2.0,9,0.11333333333333334,0.21827607391659865,0.0,0.62,0.18165432098765433,0.2091623753287446,0.042136887118565065,0.08498088670144636,0.007795285598814404,0.28032904683743815,40.611111111111114,35.09968168404078,0.0
dd7c35ea7e85,grid,2.0,3,0.0,0.0,0.0,0.0,0.07407407407407407,0.0,0.007795285598814404,0.0,0.007795285598814404,0.007795285598814404,2.0,0.0,0.0
e362f6951919,grid,2.0,3,0.0,0.0,0.0,0.0,0.07407407407407407,0.0,0.007663693559671037,0.0,0.007663693559671037,0.007663693559671037,2.0,0.0,0.0
e59597d219e6,grid,2.0,9,0.20888888888888887,0.24785499544175438,0.0,0.58,0.3005020576131687,0.2570592364265358,0.061933131701227925,0.07747888181416718,0.007795285598814404,0.20954063054696587,49.77777777777778,34.2232142713353,0.0
e63a99cad4f8,grid,2.0,3,0.13333333333333333,0.1885618083164127,0.0,0.4,0.23846913580246912,0.23248972588345843,0.02427591722613026,0.023230018586072095,0.007849813556829151,0.057128124564732485,23.166666666666668,29.934187070230507,0.0
e7ed6631c7f5,grid,2.0,3,0.35333333333333333,0.24997777679003566,0.0,0.54,0.35824691358024685,0.20094400290380052,0.09908160280424573,0.06554597604708637,0.007849813556829151,0.15890956754402275,43.0,28.991378028648448,0.0
eea32b4c41a5,grid,2.0,3,0.98,0.028284271247461926,0.94,1.0,0.7648888888888891,0.0778734508572883,0.4391872664310985,0.03127007844813284,0.39794453938937785,0.4736290788900421,30.0,0.0,0.0
f5cc58eee726,grid,2.0,3,0.0,0.0,0.0,0.0,0.07407407407407407,0.0,0.007795285598814404,0.0,0.007795285598814404,0.007795285598814404,2.0,0.0,0.0
fa4bdafb7861,grid,2.0,3,0.0,0.0,0.0,0.0,0.14296296296296296,0.05177330912029538,0.014907736485158819,0.0053390600966395675,0.007795285598814404,0.020658984904360498,7.333333333333333,4.0276819911981905,0.0
fcb348447d6d,grid,2.0,6,0.26666666666666666,0.27268215114956745,0.0,0.6,0.3081851851851852,0.2356536784138477,0.08437768473476946,0.09342726443480992,0.007795285598814404,0.23376900567807465,49.5,33.66377875402582,0.0
0f5e931fa3e1,menger,2.727,3,1.0,0.0,1.0,1.0,0.7392592592592592,0.04259025221696742,0.43618216399678555,0.01412109502684346,0.4196301252146537,0.45413446863849477,33.666666666666664,0.8498365855987975,0.3367957524703844
2bd596c4b551,menger,2.727,3,1.0,0.0,1.0,1.0,0.6137777777777779,0.06434222061331284,0.3917541687804899,0.025420742325627816,0.357789771198315,0.4189410715476324,54.833333333333336,4.249182927993988,0.1291876808967329
c9cd739516e7,menger,2.727,3,1.0,0.0,1.0,1.0,0.5964197530864196,0.018771831267589467,0.38454302719527284,0.007387572520474126,0.37915560385773783,0.39498890591297153,43.833333333333336,4.6963342678684565,0.11422206006651359
f87428258916,menger,2.727,9,1.0,0.0,1.0,1.0,0.6541234567901234,0.06837752594204607,0.4055795628307172,0.02664116288351107,0.3411798520014456,0.4350793456387523,36.333333333333336,3.0276503540974917,0.11297581582602738
6731f4625992,menger,2.727,3,1.0,0.0,1.0,1.0,0.6048641975308642,0.04186464715727835,0.38886468814075686,0.016785353576771484,0.3651427136569479,0.4014827004733894,65.66666666666667,4.6963342678684565,0.08833969408393919
5a0d789da958,menger,2.727,3,1.0,0.0,1.0,1.0,0.6625185185185184,0.03589656430302019,0.4108780690792111,0.013009060769405823,0.3970026272470154,0.42827798759543845,47.333333333333336,1.0274023338281628,0.04165849831966205
839c37a155cf,menger,2.727,3,0.25333333333333335,0.20417857108151408,0.0,0.5,0.4540740740740741,0.023028580084014507,0.04594247547561044,0.0022258193506132424,0.04289871591339785,0.04815937573693735,88.66666666666667,8.816020770292129,0.001694680002773457
caadf9588ec6,menger,2.727,3,0.0,0.0,0.0,0.0,0.20456790123456792,0.051584259546418744,0.02135448690710466,0.005263994760088599,0.01592225756651611,0.028478846641457535,100.0,0.0,0.0016037907109939925
7f980924db4b,menger,2.727,3,0.0,0.0,0.0,0.0,0.24358024691358024,0.01649245946868817,0.02518142056075409,0.0016624757215550781,0.023101837948847088,0.027171075229160662,100.0,0.0,0.0015411581641313812
7de36e395721,menger,2.727,3,0.06666666666666667,0.09428090415820635,0.0,0.2,0.19197530864197532,0.09006746104162693,0.020161412510455036,0.009256602771192292,0.011548075028632733,0.033005344007287635,100.0,0.0,0.0013475580328748862
8fe01fdd6ea2,menger,2.727,3,0.0,0.0,0.0,0.0,0.21160493827160495,0.10747351449373241,0.02182937860321536,0.010894286480788544,0.008799755168044788,0.03546457666856847,100.0,0.0,0.001198429843725836
85237e51aec2,menger,2.727,9,0.017777777777777778,0.05028314888437671,0.0,0.16,0.21032921810699587,0.0975304648287564,0.021871055860423764,0.009893570579645792,0.007849813556829151,0.03937021019957876,100.0,0.0,0.0011147753741166748
17669e29f56b,menger,2.727,3,0.16666666666666666,0.23570226039551584,0.0,0.5,0.34641975308641976,0.08961143236012176,0.035359573106848834,0.008796125270859961,0.02713389686337132,0.047553959188236725,100.0,0.0,0.0011020863790825836
4581f607c638,menger,2.727,6,0.05333333333333334,0.11925695879998878,0.0,0.32,0.33135802469135806,0.060892488353952924,0.03391412446152251,0.006014414586361635,0.02534598735645023,0.04376156746528804,100.0,0.0,0.001032956098995141
cbe771a45d88,menger,2.727,3,0.17333333333333334,0.2451303508113365,0.0,0.52,0.39619753086419757,0.12477418591158145,0.06854214907662419,0.050979033155354986,0.025122036499619756,0.14009508951153563,100.0,0.0,0.0010202619673250744
c8de65142446,menger,2.727,12,0.21166666666666667,0.2599305462789798,0.0,0.6,0.35820987654320985,0.13647699318660905,0.07796475543398429,0.07228889544723255,0.01630695235405917,0.21165758189439818,100.0,0.0,0.0010141881354409931
e9d1961ae7eb,menger,2.727,3,0.03333333333333333,0.047140452079103175,0.0,0.1,0.3417283950617284,0.04622595479283988,0.035193023439397425,0.004607057145798582,0.028889396181995042,0.03977160820138558,100.0,0.0,0.0010132536102538216
1f90d46ec44d,menger,2.727,6,0.08,0.17888543819998315,0.0,0.48,0.31845679012345673,0.1426032410111998,0.03246531141706945,0.014192317272543654,0.012873939112802326,0.048123784305006675,100.0,0.0,0.000992590464767767
c83d8f6bb05e,menger,2.727,3,0.0,0.0,0.0,0.0,0.2741975308641975,0.03765209465185173,0.02865832825156267,0.0038249320809184335,0.02393536843002885,0.033303532320057797,110.0,0.0,0.0009720466114793376
d7ec9b765aad,menger,2.727,9,0.13333333333333336,0.25015550719058294,0.0,0.64,0.32469958847736624,0.1476966664210565,0.06562506994436552,0.06978348607134724,0.007795285598814404,0.20683218611408624,100.0,0.0,0.0009021477229481054
9eb0076bd997,menger,2.727,3,0.15333333333333335,0.21684607956387458,0.0,0.46,0.31239506172839504,0.11941752144975572,0.03192662841023051,0.011774378484486201,0.02171278710431124,0.0484226696340253,100.0,0.0,0.0008100606065023319
bbc685b683b8,menger,2.727,3,0.013333333333333334,0.018856180831641266,0.0,0.04,0.26641975308641974,0.18022019081462423,0.02698314384680936,0.017853579076966906,0.007746729642018504,0.05076453227235942,110.0,0.0,0.000600652849228179
c1e919f8a11a,menger,2.727,3,0.04,0.0565685424949238,0.0,0.12,0.16234567901234567,0.0177271226201771,0.017041331644609546,0.0018270627455993355,0.015692344607877766,0.01962433581151337,100.0,0.0,0.00046894316711062415
55fd8305c232,menger,2.727,3,0.0,0.0,0.0,0.0,0.20234567901234568,0.0929043311899316,0.020918895140507373,0.009496528929248488,0.007795285598814404,0.029951377349622377,100.0,0.0,0.0004357608215978148
d25b1695fdcc,menger,2.727,3,0.0,0.0,0.0,0.0,0.15530864197530864,0.06317996977689204,0.016063193009741298,0.006455033275901496,0.007746729642018504,0.023481564212010923,110.0,0.0,0.0003379752807659918
58b035f23aa0,menger,2.727,3,0.12666666666666668,0.17913371790059204,0.0,0.38,0.25251851851851853,0.1722413954547069,0.025778279628303317,0.01720054094737955,0.007795285598814404,0.048955926847569275,90.0,0.0,0.0003178420629034333
006846934bbe,menger,2.727,3,0.0,0.0,0.0,0.0,0.07407407407407407,0.0,0.007746729642018504,0.0,0.007746729642018504,0.007746729642018504,6.0,0.7071067811865476,0.0
0139e6fde549,menger,2.727,3,0.0,0.0,0.0,0.0,0.07407407407407407,0.0,0.007795285598814404,0.0,0.007795285598814404,0.007795285598814404,2.0,0.0,0.0
09f27f347e99,menger,2.727,3,0.0,0.0,0.0,0.0,0.07407407407407407,0.0,0.007795285598814404,0.0,0.007795285598814404,0.007795285598814404,2.0,0.0,0.0
113292b76328,menger,2.727,3,0.0,0.0,0.0,0.0,0.07407407407407407,0.0,0.007795285598814404,0.0,0.007795285598814404,0.007795285598814404,2.0,0.0,0.0
12db9892e9b3,menger,2.727,3,0.0,0.0,0.0,0.0,0.07407407407407407,0.0,0.007795285598814404,0.0,0.007795285598814404,0.007795285598814404,2.0,0.0,0.0
15f4b990216b,menger,2.727,3,1.0,0.0,1.0,1.0,0.5719506172839505,0.11738246155256854,0.3710166451457086,0.048820128119008904,0.3085760871360882,0.42775142788702303,30.5,1.0801234497346435,0.0
1ac0d0dd06a4,menger,2.727,3,0.0,0.0,0.0,0.0,0.07407407407407407,0.0,0.007746729642018504,0.0,0.007746729642018504,0.007746729642018504,2.0,0.0,0.0
234e9c9a1947,menger,2.727,3,0.0,0.0,0.0,0.0,0.07407407407407407,0.0,0.007703129257727061,8.673617379884035e-19,0.00770312925772706,0.00770312925772706,2.0,0.0,0.0
246d39f14ce2,menger,2.727,3,0.0,0.0,0.0,0.0,0.07407407407407407,0.0,0.007795285598814404,0.0,0.007795285598814404,0.007795285598814404,9.5,4.96655480858378,0.0
2a1de8928559,menger,2.727,3,0.0,0.0,0.0,0.0,0.07407407407407407,0.0,0.007849813556829151,0.0,0.007849813556829151,0.007849813556829151,2.0,0.0,0.0
2b2c8fe45c8a,menger,2.727,3,0.9866666666666667,0.018856180831641284,0.96,1.0,0.651283950617284,0.0361295911350522,0.40240773910345756,0.01729720399075617,0.37932430591714517,0.42096060632233384,31.333333333333332,4.169998667732268,0.0
2d4ea0d575b4,menger,2.727,6,0.0,0.0,0.0,0.0,0.07407407407407407,0.0,0.007663693559671037,0.0,0.007663693559671037,0.007663693559671037,2.0,0.0,0.0
2dd2bc8fab3d,menger,2.727,3,0.10666666666666667,0.057348835113617505,0.04,0.18,0.16454320987654322,0.036940829778716815,0.01703237856709972,0.0037639167514575823,0.01225364219144019,0.021452353303923113,8.5,1.7795130420052185,0.0
30a0c75f9bb3,menger,2.727,3,0.0,0.0,0.0,0.0,0.07407407407407407,0.0,0.007795285598814404,0.0,0.007795285598814404,0.007795285598814404,2.0,0.0,0.0
33601851ef31,menger,2.727,3,1.0,0.0,1.0,1.0,0.4446172839506172,0.05366087124032738,0.3168727260779108,0.02551899082705316,0.2974902201332074,0.35292810594125756,87.0,0.0,0.0
36742d157c7c,menger,2.727,3,0.0,0.0,0.0,0.0,0.07407407407407407,0.0,0.007663693559671037,0.0,0.007663693559671037,0.007663693559671037,2.0,0.0,0.0
38287dcc5d55,menger,2.727,6,1.0,0.0,1.0,1.0,0.6515061728395062,0.13484526631168672,0.4016509065997678,0.048810459089535546,0.3361208161670341,0.46612468299018045,40.75,3.8595120589698038,0.0
3a3a0ad2c3d5,menger,2.727,3,1.0,0.0,1.0,1.0,0.5503456790123457,0.043829379182234354,0.3640481182694438,0.018626724900070887,0.33947952919945495,0.3845616681830797,62.166666666666664,2.094967514996089,0.0
3a720ceb35b6,menger,2.727,3,1.0,0.0,1.0,1.0,0.5970864197530864,0.03586105041333069,0.3845630523352536,0.014442681783786023,0.36432744773229586,0.39708435529746106,52.166666666666664,1.0274023338281628,0.0
3f2360c091e0,menger,2.727,3,1.0,0.0,1.0,1.0,0.6253333333333333,0.02545225139455586,0.394503559107717,0.009768880442817818,0.3817111293928842,0.40541772086083727,68.83333333333333,6.195876765147036,0.0
44388b7295ca,menger,2.727,3,1.0,0.0,1.0,1.0,0.5262469135802469,0.023903581152025715,0.3565997021374681,0.010416584156114113,0.34400862852243463,0.36951766200136815,66.16666666666667,4.006938426723769,0.0
444a16ef09c7,menger,2.727,3,0.0,0.0,0.0,0.0,0.07407407407407407,0.0,0.007795285598814404,0.0,0.007795285598814404,0.007795285598814404,9.5,2.160246899469287,0.0
4a50918fc874,menger,2.727,3,0.0,0.0,0.0,0.0,0.07407407407407407,0.0,0.007795285598814404,0.0,0.007795285598814404,0.007795285598814404,2.0,0.0,0.0
4e2911f7e88d,menger,2.727,3,0.0,0.0,0.0,0.0,0.07407407407407407,0.0,0.007703129257727061,8.673617379884035e-19,0.00770312925772706,0.00770312925772706,2.0,0.0,0.0
527c8a162263,menger,2.727,3,0.0,0.0,0.0,0.0,0.07407407407407407,0.0,0.007703129257727061,8.673617379884035e-19,0.00770312925772706,0.00770312925772706,2.0,0.0,0.0
555465f5570f,menger,2.727,3,0.0,0.0,0.0,0.0,0.07407407407407407,0.0,0.007849813556829151,0.0,0.007849813556829151,0.007849813556829151,7.0,1.4719601443879744,0.0
56c534143856,menger,2.727,3,0.0,0.0,0.0,0.0,0.07407407407407407,0.0,0.007746729642018504,0.0,0.007746729642018504,0.007746729642018504,2.0,0.0,0.0
58c436d6d322,menger,2.727,9,1.0,0.0,1.0,1.0,0.6424691358024691,0.05430354377603903,0.40168092645891246,0.02057615522332467,0.36088980080578364,0.4321658094445373,70.0,4.129837231121289,0.0
5911e26d88ef,menger,2.727,3,0.0,0.0,0.0,0.0,0.07407407407407407,0.0,0.007703129257727061,8.673617379884035e-19,0.00770312925772706,0.00770312925772706,2.0,0.0,0.0
5d492a4710c7,menger,2.727,9,1.0,0.0,1.0,1.0,0.6766337448559671,0.08463727251950562,0.41215701622056194,0.02881234903524326,0.37405968247051746,0.4782715158289843,59.05555555555556,5.0024685264401905,0.0
5e52a11e358e,menger,2.727,3,0.0,0.0,0.0,0.0,0.07407407407407407,0.0,0.007795285598814404,0.0,0.007795285598814404,0.007795285598814404,2.0,0.0,0.0
5fb3f8d2d8be,menger,2.727,3,0.26666666666666666,0.13695092389449426,0.16,0.46,0.31382716049382714,0.09343925663600347,0.03175417700116775,0.009231771367651253,0.01892578141079316,0.04026899465951964,6.333333333333333,0.6236095644623235,0.0
6193a97481de,menger,2.727,3,0.0,0.0,0.0,0.0,0.07407407407407407,0.0,0.007703129257727061,8.673617379884035e-19,0.00770312925772706,0.00770312925772706,2.0,0.0,0.0
64a5f7c4d510,menger,2.727,6,0.18000000000000002,0.2505992817228333,0.0,0.64,0.3601728395061728,0.16668423318490616,0.06738462911478178,0.0770144452341422,0.007795285598814404,0.23615324057092454,100.0,0.0,0.0
65cb54fe244e,menger,2.727,3,0.0,0.0,0.0,0.0,0.07407407407407407,0.0,0.007703129257727061,8.673617379884035e-19,0.00770312925772706,0.00770312925772706,2.0,0.0,0.0
669a6627b86c,menger,2.727,3,0.31333333333333335,0.05734883511361752,0.24,0.38,0.3746172839506173,0.13227090203700156,0.03760420731191783,0.012926120708929508,0.019873791915778007,0.05032313688409468,9.333333333333334,0.23570226039551584,0.0
6c42f1352547,menger,2.727,3,0.0,0.0,0.0,0.0,0.07407407407407407,0.0,0.007746729642018504,0.0,0.007746729642018504,0.007746729642018504,2.0,0.0,0.0
70cc252eeff0,menger,2.727,3,0.0,0.0,0.0,0.0,0.07407407407407407,0.0,0.007795285598814404,0.0,0.007795285598814404,0.007795285598814404,2.0,0.0,0.0
78538760a33b,menger,2.727,6,1.0,0.0,1.0,1.0,0.6454567901234568,0.09521084024408545,0.4012134089052503,0.03839833156258184,0.32221849226673244,0.43348933114115257,42.416666666666664,4.729487874554238,0.0
7c1421c2509d,menger,2.727,3,0.0,0.0,0.0,0.0,0.07407407407407407,0.0,0.007795285598814404,0.0,0.007795285598814404,0.007795285598814404,2.0,0.0,0.0
7fe9cbe450be,menger,2.727,3,0.08666666666666667,0.009428090415820635,0.08,0.1,0.11508641975308642,0.01853138647572534,0.011913625655109334,0.0018983220469337334,0.009267635847207967,0.01362967697126262,10.0,1.632993161855452,0.0
80cecd8f0ab6,menger,2.727,9,0.048888888888888885,0.07549016778428012,0.0,0.22,0.1991440329218107,0.07437922422918074,0.020626539443010874,0.007559346241470403,0.008838347999326032,0.03392720783371978,100.0,0.0,0.0
80d97cb26e0b,menger,2.727,3,0.0,0.0,0.0,0.0,0.07407407407407407,0.0,0.007663693559671037,0.0,0.007663693559671037,0.007663693559671037,2.0,0.0,0.0
8cb97d0f69af,menger,2.727,3,0.0,0.0,0.0,0.0,0.07407407407407407,0.0,0.007795285598814404,0.0,0.007795285598814404,0.007795285598814404,2.0,0.0,0.0
8d2a1af4b3aa,menger,2.727,3,0.13999999999999999,0.0282842712474619,0.12,0.18,0.3200493827160494,0.09081667436787347,0.03254811728148907,0.009017092490040023,0.019797399171790485,0.03908572992230084,100.0,0.0,0.0
8d3473c26aa3,menger,2.727,3,0.0,0.0,0.0,0.0,0.07407407407407407,0.0,0.007849813556829151,0.0,0.007849813556829151,0.007849813556829151,7.333333333333333,0.6236095644623235,0.0
8dd74dab130e,menger,2.727,3,0.0,0.0,0.0,0.0,0.07407407407407407,0.0,0.007703129257727061,8.673617379884035e-19,0.00770312925772706,0.00770312925772706,2.0,0.0,0.0
8df42fdcae35,menger,2.727,3,0.0,0.0,0.0,0.0,0.07407407407407407,0.0,0.00791164465005559,0.0,0.00791164465005559,0.00791164465005559,8.833333333333334,0.9428090415820634,0.0
8df5ad425fcf,menger,2.727,3,0.0,0.0,0.0,0.0,0.07407407407407407,0.0,0.007795285598814404,0.0,0.007795285598814404,0.007795285598814404,11.333333333333334,0.8498365855987975,0.0
8ee47638393c,menger,2.727,6,1.0,0.0,1.0,1.0,0.5856296296296296,0.08079304003308037,0.3773408791544201,0.03371996434708906,0.3145127139610454,0.418214181212704,62.583333333333336,1.902118701752221,0.0
921814b764f2,menger,2.727,3,0.0,0.0,0.0,0.0,0.07407407407407407,0.0,0.00791164465005559,0.0,0.00791164465005559,0.00791164465005559,8.5,1.0801234497346435,0.0
92ff2884b5a8,menger,2.727,9,0.9844444444444443,0.015713484026367738,0.96,1.0,0.7554074074074073,0.0750050143118779,0.43724268474089867,0.025492943035783984,0.3927274743035831,0.4752800359051184,32.833333333333336,3.018461712712472,0.0
943bb3962a31,menger,2.727,3,0.0,0.0,0.0,0.0,0.07407407407407407,0.0,0.007795285598814404,0.0,0.007795285598814404,0.007795285598814404,2.0,0.0,0.0
9607caecfc83,menger,2.727,3,0.0,0.0,0.0,0.0,0.07407407407407407,0.0,0.007746729642018504,0.0,0.007746729642018504,0.007746729642018504,2.0,0.0,0.0
9703359e10b7,menger,2.727,3,0.0,0.0,0.0,0.0,0.07407407407407407,0.0,0.007795285598814404,0.0,0.007795285598814404,0.007795285598814404,2.0,0.0,0.0
97ca4e767b2b,menger,2.727,3,1.0,0.0,1.0,1.0,0.5819012345679012,0.10876674653428647,0.3743373699693458,0.046236889598326426,0.30957839985275537,0.4145578869540298,52.5,4.708148963941845,0.0
9ae5c9e01171,menger,2.727,3,0.0,0.0,0.0,0.0,0.07407407407407407,0.0,0.007795285598814404,0.0,0.007795285598814404,0.007795285598814404,2.0,0.0,0.0
9af2586b2d13,menger,2.727,3,0.0,0.0,0.0,0.0,0.07407407407407407,0.0,0.007703129257727061,8.673617379884035e-19,0.00770312925772706,0.00770312925772706,2.0,0.0,0.0
9d0567d1211d,menger,2.727,6,1.0,0.0,1.0,1.0,0.5851604938271605,0.031010350254275617,0.3786597990494421,0.012635539844304284,0.3585557782371788,0.3901846140106947,59.166666666666664,4.29793231940921,0.0
9e1616a1af6c,menger,2.727,3,0.9333333333333332,0.06599663291074444,0.84,0.98,0.7197777777777777,0.024677230526280534,0.4143173273696821,0.0111579183258776,0.39970274382852206,0.4267781783947263,31.166666666666668,2.3570226039551585,0.0
a694a12fe0f5,menger,2.727,3,0.0,0.0,0.0,0.0,0.07407407407407407,0.0,0.007795285598814404,0.0,0.007795285598814404,0.007795285598814404,8.0,3.24037034920393,0.0
ac258e9539e6,menger,2.727,3,0.0,0.0,0.0,0.0,0.07407407407407407,0.0,0.007663693559671037,0.0,0.007663693559671037,0.007663693559671037,2.0,0.0,0.0
b1bad24c16d1,menger,2.727,3,0.0,0.0,0.0,0.0,0.07407407407407407,0.0,0.007849813556829151,0.0,0.007849813556829151,0.007849813556829151,2.0,0.0,0.0
b1e82370447c,menger,2.727,3,1.0,0.0,1.0,1.0,0.6158271604938271,0.0978290612487582,0.3899648684015376,0.03650295493893707,0.35875823908438315,0.4411814993042867,29.833333333333332,5.778311941119905,0.0
b2513eb816f3,menger,2.727,3,0.0,0.0,0.0,0.0,0.07407407407407407,0.0,0.007746729642018504,0.0,0.007746729642018504,0.007746729642018504,2.0,0.0,0.0
b6e799b9b64f,menger,2.727,3,0.0,0.0,0.0,0.0,0.07407407407407407,0.0,0.007795285598814404,0.0,0.007795285598814404,0.007795285598814404,5.666666666666667,0.9428090415820634,0.0
ba4c0fd7b160,menger,2.727,12,1.0,0.0,1.0,1.0,0.6160987654320987,0.054844922773501996,0.3916059855186677,0.02114668908702062,0.3569335955239005,0.4266562268736392,31.666666666666668,4.022506128715723,0.0
c1883b5b112a,menger,2.727,6,1.0,0.0,1.0,1.0,0.6026049382716049,0.0950269657458822,0.38604722546292186,0.038936409961473746,0.31495897861603817,0.4356088315071525,50.5,2.254624876411447,0.0
c1addb25ee3d,menger,2.727,3,1.0,0.0,1.0,1.0,0.6065185185185186,0.016769886133566465,0.38731521904620636,0.006612315146945047,0.37796870132666904,0.3922454259407205,58.166666666666664,6.5106749948748694,0.0
c4ce4b5a239f,menger,2.727,3,0.0,0.0,0.0,0.0,0.07407407407407407,0.0,0.007746729642018504,0.0,0.007746729642018504,0.007746729642018504,2.0,0.0,0.0
c7c6981c87fd,menger,2.727,3,1.0,0.0,1.0,1.0,0.5939753086419753,0.009897015818696637,0.3824134774544301,0.003928262686412841,0.3780284587683827,0.3875598960618789,30.0,1.224744871391589,0.0
d41e53176937,menger,2.727,3,0.0,0.0,0.0,0.0,0.07407407407407407,0.0,0.007703129257727061,8.673617379884035e-19,0.00770312925772706,0.00770312925772706,2.0,0.0,0.0
dd840383eec4,menger,2.727,6,1.0,0.0,1.0,1.0,0.6371481481481482,0.06287810912570854,0.3994369443917678,0.02392590679151907,0.36561095565552626,0.42970218282859807,69.91666666666667,1.2047360245667467,0.0
df8b4c05abb9,menger,2.727,3,1.0,0.0,1.0,1.0,0.536395061728395,0.024162408372448232,0.3564093440101989,0.010340798596758623,0.3436364791076687,0.36896332176444896,53.5,1.7795130420052185,0.0
dfce77af9fc3,menger,2.727,3,0.9866666666666667,0.018856180831641284,0.96,1.0,0.7515555555555555,0.122855389506042,0.43601781714560245,0.046392582710890154,0.3713534468807881,0.47795713554300695,32.0,3.488074922742725,0.0
e7a35d9bae8c,menger,2.727,3,0.0,0.0,0.0,0.0,0.07407407407407407,0.0,0.007849813556829151,0.0,0.007849813556829151,0.007849813556829151,2.0,0.0,0.0
e865e5dec0d5,menger,2.727,3,0.9866666666666667,0.018856180831641284,0.96,1.0,0.7186666666666667,0.029964832305984082,0.4250822281018552,0.0058725253118730066,0.41897125463010526,0.433008221251704,35.0,0.816496580927726,0.0
ee30a0e72386,menger,2.727,12,1.0,0.0,1.0,1.0,0.5942777777777778,0.03882764283592134,0.3847241379128303,0.016030962555975605,0.34191901958947063,0.4034062366916535,52.833333333333336,6.22606528145095,0.0
ee6e7bdfd925,menger,2.727,3,0.0,0.0,0.0,0.0,0.07407407407407407,0.0,0.007663693559671037,0.0,0.007663693559671037,0.007663693559671037,2.0,0.0,0.0
f1af4e4ec0a2,menger,2.727,3,0.12,0.07483314773547883,0.04,0.22,0.3548641975308642,0.06859428132559306,0.03563171723557329,0.006674154472443891,0.02649437117610413,0.04224933807459725,7.0,1.4719601443879744,0.0
f2a11fdaefa6,menger,2.727,3,1.0,0.0,1.0,1.0,0.40740740740740744,0.0,0.30040407576300837,0.0,0.30040407576300837,0.30040407576300837,117.0,0.0,0.0
f64ce1e4e2b2,menger,2.727,3,0.0,0.0,0.0,0.0,0.07407407407407407,0.0,0.007746729642018504,0.0,0.007746729642018504,0.007746729642018504,2.0,0.0,0.0
fbb984b91292,menger,2.727,3,0.0,0.0,0.0,0.0,0.07407407407407407,0.0,0.007795285598814404,0.0,0.007795285598814404,0.007795285598814404,2.0,0.0,0.0
fcda951b7488,menger,2.727,3,0.94,0.058878405775518984,0.86,1.0,0.7259259259259259,0.0428276711869305,0.41696297165136914,0.029059159224608413,0.37599328018286676,0.44023446196172095,34.166666666666664,2.2484562605386733,0.0
